[info] Using config /home/anja/Desktop/verifikacija/2026_Analysis_regex/mull/mull.yml
[info] Warm up run (threads: 1)

       [################################] 1/1. Finished in 50ms
[info] Applying file path filter (threads: 10)

       [--------------------------------] 1/2371. 0ms
       [--------------------------------] 2/2371. 0ms
       [--------------------------------] 3/2371. 0ms
       [--------------------------------] 7/2371. 0ms
       [--------------------------------] 5/2371. 0ms
       [--------------------------------] 11/2371. 0ms
       [--------------------------------] 6/2371. 0ms
       [--------------------------------] 8/2371. 0ms
       [--------------------------------] 4/2371. 0ms
       [--------------------------------] 19/2371. 0ms
       [--------------------------------] 18/2371. 0ms
       [--------------------------------] 21/2371. 0ms
       [--------------------------------] 9/2371. 0ms
       [--------------------------------] 12/2371. 0ms
       [--------------------------------] 24/2371. 0ms
       [--------------------------------] 23/2371. 0ms
       [--------------------------------] 14/2371. 0ms
       [--------------------------------] 27/2371. 0ms
       [--------------------------------] 15/2371. 0ms
       [--------------------------------] 29/2371. 0ms
       [--------------------------------] 30/2371. 0ms
       [--------------------------------] 17/2371. 0ms
       [--------------------------------] 20/2371. 0ms
       [--------------------------------] 33/2371. 0ms
       [--------------------------------] 34/2371. 0ms
       [--------------------------------] 10/2371. 0ms
       [--------------------------------] 36/2371. 0ms
       [--------------------------------] 22/2371. 0ms
       [--------------------------------] 38/2371. 0ms
       [--------------------------------] 26/2371. 0ms
       [--------------------------------] 40/2371. 0ms
       [--------------------------------] 13/2371. 0ms
       [--------------------------------] 28/2371. 0ms
       [--------------------------------] 43/2371. 0ms
       [--------------------------------] 16/2371. 0ms
       [--------------------------------] 32/2371. 0ms
       [--------------------------------] 35/2371. 0ms
       [--------------------------------] 47/2371. 0ms
       [--------------------------------] 25/2371. 0ms
       [--------------------------------] 49/2371. 0ms
       [--------------------------------] 50/2371. 0ms
       [--------------------------------] 37/2371. 0ms
       [--------------------------------] 52/2371. 0ms
       [--------------------------------] 39/2371. 0ms
       [--------------------------------] 54/2371. 0ms
       [--------------------------------] 41/2371. 0ms
       [--------------------------------] 56/2371. 0ms
       [--------------------------------] 42/2371. 0ms
       [--------------------------------] 58/2371. 0ms
       [--------------------------------] 59/2371. 0ms
       [--------------------------------] 60/2371. 0ms
       [--------------------------------] 61/2371. 0ms
       [--------------------------------] 62/2371. 0ms
       [--------------------------------] 63/2371. 0ms
       [--------------------------------] 64/2371. 0ms
       [--------------------------------] 65/2371. 0ms
       [--------------------------------] 66/2371. 0ms
       [--------------------------------] 67/2371. 0ms
       [--------------------------------] 68/2371. 0ms
       [--------------------------------] 69/2371. 0ms
       [--------------------------------] 70/2371. 0ms
       [--------------------------------] 71/2371. 0ms
       [--------------------------------] 72/2371. 0ms
       [--------------------------------] 73/2371. 0ms
       [--------------------------------] 74/2371. 0ms
       [#-------------------------------] 75/2371. 0ms
       [#-------------------------------] 76/2371. 0ms
       [#-------------------------------] 77/2371. 0ms
       [--------------------------------] 46/2371. 0ms
       [--------------------------------] 48/2371. 0ms
       [#-------------------------------] 79/2371. 0ms
       [#-------------------------------] 81/2371. 0ms
       [#-------------------------------] 82/2371. 0ms
       [#-------------------------------] 83/2371. 0ms
       [#-------------------------------] 84/2371. 1ms
       [#-------------------------------] 85/2371. 1ms
       [#-------------------------------] 86/2371. 1ms
       [#-------------------------------] 87/2371. 1ms
       [#-------------------------------] 88/2371. 1ms
       [#-------------------------------] 89/2371. 1ms
       [#-------------------------------] 90/2371. 1ms
       [#-------------------------------] 91/2371. 1ms
       [#-------------------------------] 92/2371. 1ms
       [#-------------------------------] 93/2371. 1ms
       [#-------------------------------] 94/2371. 1ms
       [#-------------------------------] 95/2371. 1ms
       [#-------------------------------] 96/2371. 1ms
       [#-------------------------------] 97/2371. 1ms
       [#-------------------------------] 98/2371. 1ms
       [--------------------------------] 55/2371. 0ms
       [#-------------------------------] 100/2371. 1ms
       [#-------------------------------] 101/2371. 1ms
       [#-------------------------------] 102/2371. 1ms
       [#-------------------------------] 103/2371. 1ms
       [#-------------------------------] 104/2371. 1ms
       [#-------------------------------] 105/2371. 1ms
       [#-------------------------------] 106/2371. 1ms
       [#-------------------------------] 107/2371. 1ms
       [#-------------------------------] 108/2371. 1ms
       [#-------------------------------] 109/2371. 1ms
       [#-------------------------------] 110/2371. 1ms
       [#-------------------------------] 111/2371. 1ms
       [#-------------------------------] 112/2371. 1ms
       [--------------------------------] 57/2371. 0ms
       [#-------------------------------] 114/2371. 1ms
       [#-------------------------------] 115/2371. 1ms
       [#-------------------------------] 116/2371. 1ms
       [#-------------------------------] 117/2371. 1ms
       [#-------------------------------] 118/2371. 1ms
       [#-------------------------------] 119/2371. 1ms
       [#-------------------------------] 120/2371. 1ms
       [#-------------------------------] 121/2371. 1ms
       [#-------------------------------] 122/2371. 1ms
       [#-------------------------------] 123/2371. 1ms
       [#-------------------------------] 124/2371. 1ms
       [#-------------------------------] 125/2371. 1ms
       [#-------------------------------] 126/2371. 1ms
       [#-------------------------------] 127/2371. 1ms
       [#-------------------------------] 128/2371. 1ms
       [#-------------------------------] 129/2371. 1ms
       [#-------------------------------] 130/2371. 1ms
       [--------------------------------] 44/2371. 0ms
       [--------------------------------] 31/2371. 0ms
       [#-------------------------------] 133/2371. 1ms
       [--------------------------------] 45/2371. 0ms
       [#-------------------------------] 135/2371. 1ms
       [#-------------------------------] 78/2371. 0ms
       [#-------------------------------] 137/2371. 1ms
       [#-------------------------------] 138/2371. 1ms
       [#-------------------------------] 80/2371. 0ms
       [#-------------------------------] 140/2371. 1ms
       [--------------------------------] 51/2371. 0ms
       [--------------------------------] 53/2371. 0ms
       [#-------------------------------] 99/2371. 1ms
       [#-------------------------------] 144/2371. 1ms
       [#-------------------------------] 145/2371. 1ms
       [#-------------------------------] 131/2371. 1ms
       [#-------------------------------] 147/2371. 1ms
       [#-------------------------------] 148/2371. 1ms
       [#-------------------------------] 134/2371. 1ms
       [##------------------------------] 150/2371. 1ms
       [##------------------------------] 151/2371. 1ms
       [##------------------------------] 152/2371. 1ms
       [#-------------------------------] 141/2371. 1ms
       [#-------------------------------] 142/2371. 1ms
       [##------------------------------] 155/2371. 1ms
       [##------------------------------] 156/2371. 1ms
       [#-------------------------------] 143/2371. 1ms
       [#-------------------------------] 113/2371. 1ms
       [##------------------------------] 159/2371. 1ms
       [#-------------------------------] 146/2371. 1ms
       [##------------------------------] 161/2371. 1ms
       [##------------------------------] 162/2371. 1ms
       [#-------------------------------] 136/2371. 1ms
       [##------------------------------] 164/2371. 1ms
       [#-------------------------------] 139/2371. 1ms
       [##------------------------------] 153/2371. 1ms
       [##------------------------------] 154/2371. 1ms
       [##------------------------------] 168/2371. 1ms
       [##------------------------------] 157/2371. 1ms
       [##------------------------------] 170/2371. 1ms
       [##------------------------------] 171/2371. 1ms
       [##------------------------------] 158/2371. 1ms
       [##------------------------------] 173/2371. 1ms
       [##------------------------------] 174/2371. 1ms
       [#-------------------------------] 132/2371. 1ms
       [##------------------------------] 149/2371. 1ms
       [##------------------------------] 177/2371. 1ms
       [##------------------------------] 163/2371. 1ms
       [##------------------------------] 179/2371. 1ms
       [##------------------------------] 165/2371. 1ms
       [##------------------------------] 181/2371. 1ms
       [##------------------------------] 166/2371. 1ms
       [##------------------------------] 183/2371. 1ms
       [##------------------------------] 167/2371. 1ms
       [##------------------------------] 169/2371. 1ms
       [##------------------------------] 186/2371. 1ms
       [##------------------------------] 172/2371. 1ms
       [##------------------------------] 188/2371. 1ms
       [##------------------------------] 189/2371. 1ms
       [##------------------------------] 160/2371. 1ms
       [##------------------------------] 191/2371. 1ms
       [##------------------------------] 175/2371. 1ms
       [##------------------------------] 192/2371. 1ms
       [##------------------------------] 194/2371. 1ms
       [##------------------------------] 178/2371. 1ms
       [##------------------------------] 195/2371. 1ms
       [##------------------------------] 182/2371. 1ms
       [##------------------------------] 198/2371. 1ms
       [##------------------------------] 199/2371. 1ms
       [##------------------------------] 185/2371. 1ms
       [##------------------------------] 187/2371. 1ms
       [##------------------------------] 202/2371. 1ms
       [##------------------------------] 190/2371. 1ms
       [##------------------------------] 204/2371. 1ms
       [##------------------------------] 193/2371. 1ms
       [##------------------------------] 206/2371. 1ms
       [##------------------------------] 207/2371. 1ms
       [##------------------------------] 208/2371. 1ms
       [##------------------------------] 196/2371. 1ms
       [##------------------------------] 210/2371. 1ms
       [##------------------------------] 197/2371. 1ms
       [##------------------------------] 212/2371. 1ms
       [##------------------------------] 184/2371. 1ms
       [##------------------------------] 214/2371. 1ms
       [##------------------------------] 200/2371. 1ms
       [##------------------------------] 216/2371. 1ms
       [##------------------------------] 201/2371. 1ms
       [##------------------------------] 203/2371. 1ms
       [##------------------------------] 205/2371. 1ms
       [##------------------------------] 220/2371. 1ms
       [##------------------------------] 221/2371. 1ms
       [##------------------------------] 176/2371. 1ms
       [##------------------------------] 180/2371. 1ms
       [###-----------------------------] 224/2371. 1ms
       [##------------------------------] 209/2371. 1ms
       [###-----------------------------] 226/2371. 1ms
       [##------------------------------] 211/2371. 1ms
       [###-----------------------------] 228/2371. 1ms
       [###-----------------------------] 229/2371. 1ms
       [##------------------------------] 217/2371. 1ms
       [###-----------------------------] 231/2371. 1ms
       [##------------------------------] 218/2371. 1ms
       [##------------------------------] 222/2371. 1ms
       [###-----------------------------] 234/2371. 1ms
       [###-----------------------------] 235/2371. 1ms
       [###-----------------------------] 223/2371. 1ms
       [###-----------------------------] 237/2371. 1ms
       [###-----------------------------] 238/2371. 1ms
       [###-----------------------------] 227/2371. 1ms
       [##------------------------------] 215/2371. 1ms
       [###-----------------------------] 241/2371. 1ms
       [###-----------------------------] 230/2371. 1ms
       [##------------------------------] 219/2371. 1ms
       [###-----------------------------] 244/2371. 1ms
       [###-----------------------------] 245/2371. 1ms
       [###-----------------------------] 232/2371. 1ms
       [###-----------------------------] 233/2371. 1ms
       [###-----------------------------] 236/2371. 1ms
       [###-----------------------------] 249/2371. 1ms
       [###-----------------------------] 250/2371. 1ms
       [###-----------------------------] 225/2371. 1ms
       [###-----------------------------] 239/2371. 1ms
       [###-----------------------------] 253/2371. 1ms
       [###-----------------------------] 254/2371. 1ms
       [###-----------------------------] 240/2371. 1ms
       [###-----------------------------] 243/2371. 1ms
       [###-----------------------------] 256/2371. 1ms
       [###-----------------------------] 246/2371. 1ms
       [###-----------------------------] 258/2371. 1ms
       [###-----------------------------] 259/2371. 1ms
       [###-----------------------------] 261/2371. 1ms
       [###-----------------------------] 251/2371. 1ms
       [###-----------------------------] 263/2371. 1ms
       [###-----------------------------] 264/2371. 1ms
       [###-----------------------------] 252/2371. 1ms
       [###-----------------------------] 266/2371. 1ms
       [###-----------------------------] 267/2371. 1ms
       [###-----------------------------] 255/2371. 1ms
       [###-----------------------------] 269/2371. 1ms
       [###-----------------------------] 270/2371. 1ms
       [###-----------------------------] 257/2371. 1ms
       [###-----------------------------] 272/2371. 1ms
       [###-----------------------------] 247/2371. 1ms
       [###-----------------------------] 274/2371. 2ms
       [###-----------------------------] 275/2371. 2ms
       [###-----------------------------] 260/2371. 1ms
       [###-----------------------------] 262/2371. 1ms
       [###-----------------------------] 278/2371. 2ms
       [###-----------------------------] 265/2371. 1ms
       [###-----------------------------] 280/2371. 2ms
       [###-----------------------------] 281/2371. 2ms
       [##------------------------------] 213/2371. 1ms
       [###-----------------------------] 283/2371. 2ms
       [###-----------------------------] 268/2371. 1ms
       [###-----------------------------] 285/2371. 2ms
       [###-----------------------------] 271/2371. 1ms
       [###-----------------------------] 273/2371. 1ms
       [###-----------------------------] 288/2371. 2ms
       [###-----------------------------] 248/2371. 1ms
       [###-----------------------------] 290/2371. 2ms
       [###-----------------------------] 276/2371. 2ms
       [###-----------------------------] 292/2371. 2ms
       [###-----------------------------] 277/2371. 2ms
       [###-----------------------------] 282/2371. 2ms
       [###-----------------------------] 295/2371. 2ms
       [###-----------------------------] 296/2371. 2ms
       [###-----------------------------] 284/2371. 2ms
       [####----------------------------] 298/2371. 2ms
       [###-----------------------------] 242/2371. 1ms
       [####----------------------------] 300/2371. 2ms
       [####----------------------------] 301/2371. 2ms
       [###-----------------------------] 287/2371. 2ms
       [###-----------------------------] 291/2371. 2ms
       [####----------------------------] 303/2371. 2ms
       [####----------------------------] 305/2371. 2ms
       [###-----------------------------] 293/2371. 2ms
       [###-----------------------------] 294/2371. 2ms
       [####----------------------------] 297/2371. 2ms
       [####----------------------------] 309/2371. 2ms
       [####----------------------------] 310/2371. 2ms
       [####----------------------------] 299/2371. 2ms
       [####----------------------------] 312/2371. 2ms
       [###-----------------------------] 286/2371. 2ms
       [###-----------------------------] 289/2371. 2ms
       [###-----------------------------] 279/2371. 2ms
       [####----------------------------] 316/2371. 2ms
       [####----------------------------] 317/2371. 2ms
       [####----------------------------] 304/2371. 2ms
       [####----------------------------] 319/2371. 2ms
       [####----------------------------] 306/2371. 2ms
       [####----------------------------] 321/2371. 2ms
       [####----------------------------] 311/2371. 2ms
       [####----------------------------] 323/2371. 2ms
       [####----------------------------] 324/2371. 2ms
       [####----------------------------] 313/2371. 2ms
       [####----------------------------] 326/2371. 2ms
       [####----------------------------] 302/2371. 2ms
       [####----------------------------] 328/2371. 2ms
       [####----------------------------] 314/2371. 2ms
       [####----------------------------] 318/2371. 2ms
       [####----------------------------] 330/2371. 2ms
       [####----------------------------] 307/2371. 2ms
       [####----------------------------] 333/2371. 2ms
       [####----------------------------] 334/2371. 2ms
       [####----------------------------] 322/2371. 2ms
       [####----------------------------] 325/2371. 2ms
       [####----------------------------] 337/2371. 2ms
       [####----------------------------] 338/2371. 2ms
       [####----------------------------] 327/2371. 2ms
       [####----------------------------] 340/2371. 2ms
       [####----------------------------] 315/2371. 2ms
       [####----------------------------] 342/2371. 2ms
       [####----------------------------] 329/2371. 2ms
       [####----------------------------] 331/2371. 2ms
       [####----------------------------] 345/2371. 2ms
       [####----------------------------] 346/2371. 2ms
       [####----------------------------] 320/2371. 2ms
       [####----------------------------] 348/2371. 2ms
       [####----------------------------] 332/2371. 2ms
       [####----------------------------] 350/2371. 2ms
       [####----------------------------] 308/2371. 2ms
       [####----------------------------] 352/2371. 2ms
       [####----------------------------] 336/2371. 2ms
       [####----------------------------] 339/2371. 2ms
       [####----------------------------] 355/2371. 2ms
       [####----------------------------] 341/2371. 2ms
       [####----------------------------] 357/2371. 2ms
       [####----------------------------] 343/2371. 2ms
       [####----------------------------] 359/2371. 2ms
       [####----------------------------] 344/2371. 2ms
       [####----------------------------] 347/2371. 2ms
       [####----------------------------] 362/2371. 2ms
       [####----------------------------] 363/2371. 2ms
       [####----------------------------] 349/2371. 2ms
       [####----------------------------] 365/2371. 2ms
       [####----------------------------] 351/2371. 2ms
       [####----------------------------] 367/2371. 2ms
       [####----------------------------] 335/2371. 2ms
       [####----------------------------] 369/2371. 2ms
       [####----------------------------] 353/2371. 2ms
       [#####---------------------------] 371/2371. 2ms
       [####----------------------------] 354/2371. 2ms
       [####----------------------------] 356/2371. 2ms
       [#####---------------------------] 374/2371. 2ms
       [#####---------------------------] 375/2371. 2ms
       [####----------------------------] 358/2371. 2ms
       [#####---------------------------] 377/2371. 2ms
       [#####---------------------------] 378/2371. 2ms
       [####----------------------------] 361/2371. 2ms
       [####----------------------------] 364/2371. 2ms
       [#####---------------------------] 381/2371. 2ms
       [#####---------------------------] 382/2371. 2ms
       [####----------------------------] 366/2371. 2ms
       [####----------------------------] 368/2371. 2ms
       [####----------------------------] 370/2371. 2ms
       [#####---------------------------] 386/2371. 2ms
       [#####---------------------------] 372/2371. 2ms
       [#####---------------------------] 388/2371. 2ms
       [#####---------------------------] 376/2371. 2ms
       [#####---------------------------] 390/2371. 2ms
       [#####---------------------------] 391/2371. 2ms
       [####----------------------------] 360/2371. 2ms
       [#####---------------------------] 393/2371. 2ms
       [#####---------------------------] 379/2371. 2ms
       [#####---------------------------] 395/2371. 2ms
       [#####---------------------------] 380/2371. 2ms
       [#####---------------------------] 383/2371. 2ms
       [#####---------------------------] 398/2371. 2ms
       [#####---------------------------] 384/2371. 2ms
       [#####---------------------------] 400/2371. 2ms
       [#####---------------------------] 385/2371. 2ms
       [#####---------------------------] 387/2371. 2ms
       [#####---------------------------] 389/2371. 2ms
       [#####---------------------------] 392/2371. 2ms
       [#####---------------------------] 405/2371. 2ms
       [#####---------------------------] 406/2371. 2ms
       [#####---------------------------] 394/2371. 2ms
       [#####---------------------------] 408/2371. 2ms
       [#####---------------------------] 396/2371. 2ms
       [#####---------------------------] 410/2371. 2ms
       [#####---------------------------] 397/2371. 2ms
       [#####---------------------------] 399/2371. 2ms
       [#####---------------------------] 413/2371. 2ms
       [#####---------------------------] 414/2371. 2ms
       [#####---------------------------] 401/2371. 2ms
       [#####---------------------------] 416/2371. 2ms
       [#####---------------------------] 402/2371. 2ms
       [#####---------------------------] 418/2371. 2ms
       [#####---------------------------] 419/2371. 2ms
       [#####---------------------------] 403/2371. 2ms
       [#####---------------------------] 421/2371. 2ms
       [#####---------------------------] 404/2371. 2ms
       [#####---------------------------] 407/2371. 2ms
       [#####---------------------------] 424/2371. 2ms
       [#####---------------------------] 425/2371. 2ms
       [#####---------------------------] 409/2371. 2ms
       [#####---------------------------] 427/2371. 2ms
       [#####---------------------------] 411/2371. 2ms
       [#####---------------------------] 429/2371. 2ms
       [#####---------------------------] 412/2371. 2ms
       [#####---------------------------] 415/2371. 2ms
       [#####---------------------------] 432/2371. 2ms
       [#####---------------------------] 433/2371. 2ms
       [#####---------------------------] 417/2371. 2ms
       [#####---------------------------] 435/2371. 2ms
       [#####---------------------------] 436/2371. 2ms
       [#####---------------------------] 420/2371. 2ms
       [#####---------------------------] 438/2371. 2ms
       [#####---------------------------] 422/2371. 2ms
       [#####---------------------------] 426/2371. 2ms
       [#####---------------------------] 441/2371. 2ms
       [#####---------------------------] 442/2371. 2ms
       [#####---------------------------] 428/2371. 2ms
       [#####---------------------------] 430/2371. 2ms
       [######--------------------------] 445/2371. 2ms
       [#####---------------------------] 431/2371. 2ms
       [#####---------------------------] 434/2371. 2ms
       [######--------------------------] 448/2371. 2ms
       [######--------------------------] 449/2371. 2ms
       [#####---------------------------] 373/2371. 2ms
       [#####---------------------------] 437/2371. 2ms
       [######--------------------------] 452/2371. 2ms
       [######--------------------------] 453/2371. 2ms
       [######--------------------------] 454/2371. 2ms
       [#####---------------------------] 443/2371. 2ms
       [######--------------------------] 456/2371. 2ms
       [######--------------------------] 457/2371. 2ms
       [#####---------------------------] 444/2371. 2ms
       [######--------------------------] 446/2371. 2ms
       [######--------------------------] 447/2371. 2ms
       [######--------------------------] 450/2371. 2ms
       [######--------------------------] 462/2371. 2ms
       [######--------------------------] 463/2371. 2ms
       [######--------------------------] 451/2371. 2ms
       [######--------------------------] 465/2371. 2ms
       [######--------------------------] 466/2371. 2ms
       [#####---------------------------] 423/2371. 2ms
       [######--------------------------] 468/2371. 2ms
       [######--------------------------] 458/2371. 2ms
       [######--------------------------] 470/2371. 2ms
       [######--------------------------] 471/2371. 2ms
       [######--------------------------] 459/2371. 2ms
       [######--------------------------] 473/2371. 2ms
       [######--------------------------] 460/2371. 2ms
       [######--------------------------] 475/2371. 2ms
       [#####---------------------------] 440/2371. 2ms
       [#####---------------------------] 439/2371. 2ms
       [######--------------------------] 478/2371. 2ms
       [######--------------------------] 467/2371. 2ms
       [######--------------------------] 480/2371. 2ms
       [######--------------------------] 481/2371. 2ms
       [######--------------------------] 469/2371. 2ms
       [######--------------------------] 483/2371. 3ms
       [######--------------------------] 474/2371. 2ms
       [######--------------------------] 485/2371. 3ms
       [######--------------------------] 461/2371. 2ms
       [######--------------------------] 464/2371. 2ms
       [######--------------------------] 488/2371. 3ms
       [######--------------------------] 489/2371. 3ms
       [######--------------------------] 476/2371. 2ms
       [######--------------------------] 477/2371. 2ms
       [######--------------------------] 492/2371. 3ms
       [######--------------------------] 479/2371. 2ms
       [######--------------------------] 472/2371. 2ms
       [######--------------------------] 495/2371. 3ms
       [######--------------------------] 496/2371. 3ms
       [######--------------------------] 482/2371. 2ms
       [######--------------------------] 498/2371. 3ms
       [######--------------------------] 484/2371. 3ms
       [######--------------------------] 500/2371. 3ms
       [######--------------------------] 486/2371. 3ms
       [######--------------------------] 502/2371. 3ms
       [######--------------------------] 487/2371. 3ms
       [######--------------------------] 490/2371. 3ms
       [######--------------------------] 505/2371. 3ms
       [######--------------------------] 506/2371. 3ms
       [######--------------------------] 491/2371. 3ms
       [######--------------------------] 508/2371. 3ms
       [######--------------------------] 493/2371. 3ms
       [######--------------------------] 510/2371. 3ms
       [######--------------------------] 455/2371. 2ms
       [######--------------------------] 494/2371. 3ms
       [######--------------------------] 497/2371. 3ms
       [######--------------------------] 514/2371. 3ms
       [######--------------------------] 515/2371. 3ms
       [######--------------------------] 499/2371. 3ms
       [######--------------------------] 517/2371. 3ms
       [######--------------------------] 518/2371. 3ms
       [######--------------------------] 503/2371. 3ms
       [#######-------------------------] 520/2371. 3ms
       [######--------------------------] 507/2371. 3ms
       [#######-------------------------] 522/2371. 3ms
       [#######-------------------------] 523/2371. 3ms
       [######--------------------------] 509/2371. 3ms
       [#######-------------------------] 525/2371. 3ms
       [######--------------------------] 511/2371. 3ms
       [#######-------------------------] 527/2371. 3ms
       [######--------------------------] 512/2371. 3ms
       [#######-------------------------] 529/2371. 3ms
       [######--------------------------] 516/2371. 3ms
       [#######-------------------------] 531/2371. 3ms
       [#######-------------------------] 532/2371. 3ms
       [######--------------------------] 501/2371. 3ms
       [#######-------------------------] 534/2371. 3ms
       [#######-------------------------] 519/2371. 3ms
       [#######-------------------------] 536/2371. 3ms
       [#######-------------------------] 537/2371. 3ms
       [#######-------------------------] 521/2371. 3ms
       [#######-------------------------] 524/2371. 3ms
       [#######-------------------------] 540/2371. 3ms
       [#######-------------------------] 541/2371. 3ms
       [#######-------------------------] 526/2371. 3ms
       [#######-------------------------] 543/2371. 3ms
       [#######-------------------------] 528/2371. 3ms
       [######--------------------------] 513/2371. 3ms
       [#######-------------------------] 533/2371. 3ms
       [#######-------------------------] 547/2371. 3ms
       [#######-------------------------] 546/2371. 3ms
       [#######-------------------------] 549/2371. 3ms
       [#######-------------------------] 550/2371. 3ms
       [#######-------------------------] 538/2371. 3ms
       [#######-------------------------] 552/2371. 3ms
       [#######-------------------------] 539/2371. 3ms
       [#######-------------------------] 554/2371. 3ms
       [#######-------------------------] 544/2371. 3ms
       [#######-------------------------] 556/2371. 3ms
       [#######-------------------------] 530/2371. 3ms
       [#######-------------------------] 548/2371. 3ms
       [#######-------------------------] 559/2371. 3ms
       [#######-------------------------] 535/2371. 3ms
       [#######-------------------------] 561/2371. 3ms
       [#######-------------------------] 562/2371. 3ms
       [#######-------------------------] 551/2371. 3ms
       [#######-------------------------] 563/2371. 3ms
       [#######-------------------------] 564/2371. 3ms
       [#######-------------------------] 566/2371. 3ms
       [#######-------------------------] 553/2371. 3ms
       [#######-------------------------] 568/2371. 3ms
       [#######-------------------------] 555/2371. 3ms
       [#######-------------------------] 570/2371. 3ms
       [#######-------------------------] 571/2371. 3ms
       [#######-------------------------] 557/2371. 3ms
       [#######-------------------------] 573/2371. 3ms
       [#######-------------------------] 558/2371. 3ms
       [#######-------------------------] 575/2371. 3ms
       [######--------------------------] 504/2371. 3ms
       [#######-------------------------] 542/2371. 3ms
       [#######-------------------------] 578/2371. 3ms
       [#######-------------------------] 579/2371. 3ms
       [#######-------------------------] 565/2371. 3ms
       [#######-------------------------] 581/2371. 3ms
       [#######-------------------------] 567/2371. 3ms
       [#######-------------------------] 583/2371. 3ms
       [#######-------------------------] 584/2371. 3ms
       [#######-------------------------] 585/2371. 3ms
       [#######-------------------------] 572/2371. 3ms
       [#######-------------------------] 560/2371. 3ms
       [#######-------------------------] 588/2371. 3ms
       [#######-------------------------] 589/2371. 3ms
       [#######-------------------------] 574/2371. 3ms
       [#######-------------------------] 591/2371. 3ms
       [#######-------------------------] 576/2371. 3ms
       [########------------------------] 593/2371. 3ms
       [#######-------------------------] 580/2371. 3ms
       [########------------------------] 595/2371. 3ms
       [########------------------------] 596/2371. 3ms
       [#######-------------------------] 582/2371. 3ms
       [#######-------------------------] 569/2371. 3ms
       [########------------------------] 599/2371. 3ms
       [########------------------------] 600/2371. 3ms
       [#######-------------------------] 586/2371. 3ms
       [########------------------------] 602/2371. 3ms
       [#######-------------------------] 587/2371. 3ms
       [########------------------------] 604/2371. 3ms
       [#######-------------------------] 592/2371. 3ms
       [########------------------------] 606/2371. 3ms
       [########------------------------] 594/2371. 3ms
       [########------------------------] 597/2371. 3ms
       [########------------------------] 609/2371. 3ms
       [########------------------------] 610/2371. 3ms
       [########------------------------] 598/2371. 3ms
       [########------------------------] 612/2371. 3ms
       [########------------------------] 613/2371. 3ms
       [########------------------------] 601/2371. 3ms
       [#######-------------------------] 590/2371. 3ms
       [########------------------------] 616/2371. 3ms
       [########------------------------] 615/2371. 3ms
       [########------------------------] 617/2371. 3ms
       [########------------------------] 619/2371. 3ms
       [########------------------------] 605/2371. 3ms
       [########------------------------] 621/2371. 3ms
       [########------------------------] 607/2371. 3ms
       [########------------------------] 623/2371. 3ms
       [########------------------------] 608/2371. 3ms
       [########------------------------] 611/2371. 3ms
       [########------------------------] 626/2371. 3ms
       [#######-------------------------] 545/2371. 3ms
       [########------------------------] 628/2371. 3ms
       [########------------------------] 614/2371. 3ms
       [########------------------------] 630/2371. 3ms
       [########------------------------] 603/2371. 3ms
       [########------------------------] 620/2371. 3ms
       [########------------------------] 633/2371. 3ms
       [########------------------------] 634/2371. 3ms
       [#######-------------------------] 577/2371. 3ms
       [########------------------------] 636/2371. 3ms
       [########------------------------] 622/2371. 3ms
       [########------------------------] 638/2371. 3ms
       [########------------------------] 625/2371. 3ms
       [########------------------------] 640/2371. 3ms
       [########------------------------] 641/2371. 3ms
       [########------------------------] 631/2371. 3ms
       [########------------------------] 643/2371. 3ms
       [########------------------------] 632/2371. 3ms
       [########------------------------] 635/2371. 3ms
       [########------------------------] 646/2371. 3ms
       [########------------------------] 647/2371. 3ms
       [########------------------------] 637/2371. 3ms
       [########------------------------] 649/2371. 3ms
       [########------------------------] 627/2371. 3ms
       [########------------------------] 651/2371. 3ms
       [########------------------------] 652/2371. 3ms
       [########------------------------] 639/2371. 3ms
       [########------------------------] 654/2371. 3ms
       [########------------------------] 629/2371. 3ms
       [########------------------------] 656/2371. 3ms
       [########------------------------] 642/2371. 3ms
       [########------------------------] 658/2371. 3ms
       [########------------------------] 659/2371. 3ms
       [########------------------------] 644/2371. 3ms
       [########------------------------] 648/2371. 3ms
       [########------------------------] 662/2371. 3ms
       [########------------------------] 663/2371. 3ms
       [########------------------------] 624/2371. 3ms
       [########------------------------] 665/2371. 3ms
       [########------------------------] 653/2371. 3ms
       [#########-----------------------] 667/2371. 3ms
       [#########-----------------------] 668/2371. 3ms
       [########------------------------] 655/2371. 3ms
       [#########-----------------------] 670/2371. 3ms
       [########------------------------] 657/2371. 3ms
       [#########-----------------------] 672/2371. 3ms
       [#########-----------------------] 673/2371. 3ms
       [########------------------------] 660/2371. 3ms
       [#########-----------------------] 675/2371. 3ms
       [#########-----------------------] 676/2371. 3ms
       [########------------------------] 661/2371. 3ms
       [########------------------------] 664/2371. 3ms
       [#########-----------------------] 679/2371. 3ms
       [#########-----------------------] 680/2371. 3ms
       [########------------------------] 650/2371. 3ms
       [#########-----------------------] 682/2371. 3ms
       [########------------------------] 666/2371. 3ms
       [#########-----------------------] 669/2371. 3ms
       [#########-----------------------] 685/2371. 3ms
       [#########-----------------------] 686/2371. 3ms
       [#########-----------------------] 671/2371. 3ms
       [#########-----------------------] 688/2371. 3ms
       [########------------------------] 618/2371. 3ms
       [#########-----------------------] 690/2371. 3ms
       [#########-----------------------] 691/2371. 3ms
       [#########-----------------------] 692/2371. 3ms
       [#########-----------------------] 677/2371. 3ms
       [#########-----------------------] 694/2371. 3ms
       [#########-----------------------] 678/2371. 3ms
       [#########-----------------------] 681/2371. 3ms
       [#########-----------------------] 696/2371. 3ms
       [#########-----------------------] 697/2371. 4ms
       [#########-----------------------] 698/2371. 4ms
       [#########-----------------------] 699/2371. 4ms
       [#########-----------------------] 700/2371. 4ms
       [#########-----------------------] 701/2371. 4ms
       [#########-----------------------] 684/2371. 3ms
       [#########-----------------------] 687/2371. 3ms
       [#########-----------------------] 705/2371. 4ms
       [#########-----------------------] 706/2371. 4ms
       [#########-----------------------] 689/2371. 3ms
       [#########-----------------------] 674/2371. 3ms
       [#########-----------------------] 708/2371. 4ms
       [########------------------------] 645/2371. 3ms
       [#########-----------------------] 711/2371. 4ms
       [#########-----------------------] 712/2371. 4ms
       [#########-----------------------] 695/2371. 3ms
       [#########-----------------------] 714/2371. 4ms
       [#########-----------------------] 715/2371. 4ms
       [#########-----------------------] 703/2371. 4ms
       [#########-----------------------] 717/2371. 4ms
       [#########-----------------------] 718/2371. 4ms
       [#########-----------------------] 704/2371. 4ms
       [#########-----------------------] 707/2371. 4ms
       [#########-----------------------] 721/2371. 4ms
       [#########-----------------------] 722/2371. 4ms
       [#########-----------------------] 709/2371. 4ms
       [#########-----------------------] 724/2371. 4ms
       [#########-----------------------] 710/2371. 4ms
       [#########-----------------------] 726/2371. 4ms
       [#########-----------------------] 693/2371. 3ms
       [#########-----------------------] 683/2371. 3ms
       [#########-----------------------] 702/2371. 4ms
       [#########-----------------------] 730/2371. 4ms
       [#########-----------------------] 716/2371. 4ms
       [#########-----------------------] 719/2371. 4ms
       [#########-----------------------] 733/2371. 4ms
       [#########-----------------------] 734/2371. 4ms
       [#########-----------------------] 720/2371. 4ms
       [#########-----------------------] 723/2371. 4ms
       [#########-----------------------] 737/2371. 4ms
       [#########-----------------------] 738/2371. 4ms
       [#########-----------------------] 725/2371. 4ms
       [#########-----------------------] 740/2371. 4ms
       [##########----------------------] 741/2371. 4ms
       [#########-----------------------] 713/2371. 4ms
       [##########----------------------] 743/2371. 4ms
       [#########-----------------------] 728/2371. 4ms
       [##########----------------------] 744/2371. 4ms
       [#########-----------------------] 729/2371. 4ms
       [##########----------------------] 747/2371. 4ms
       [##########----------------------] 748/2371. 4ms
       [#########-----------------------] 732/2371. 4ms
       [#########-----------------------] 735/2371. 4ms
       [##########----------------------] 751/2371. 4ms
       [##########----------------------] 752/2371. 4ms
       [#########-----------------------] 736/2371. 4ms
       [#########-----------------------] 739/2371. 4ms
       [##########----------------------] 755/2371. 4ms
       [##########----------------------] 756/2371. 4ms
       [##########----------------------] 757/2371. 4ms
       [#########-----------------------] 727/2371. 4ms
       [##########----------------------] 759/2371. 4ms
       [##########----------------------] 742/2371. 4ms
       [##########----------------------] 761/2371. 4ms
       [##########----------------------] 746/2371. 4ms
       [##########----------------------] 763/2371. 4ms
       [##########----------------------] 764/2371. 4ms
       [##########----------------------] 749/2371. 4ms
       [##########----------------------] 750/2371. 4ms
       [##########----------------------] 753/2371. 4ms
       [##########----------------------] 768/2371. 4ms
       [##########----------------------] 769/2371. 4ms
       [##########----------------------] 754/2371. 4ms
       [##########----------------------] 758/2371. 4ms
       [##########----------------------] 772/2371. 4ms
       [##########----------------------] 773/2371. 4ms
       [##########----------------------] 760/2371. 4ms
       [##########----------------------] 775/2371. 4ms
       [##########----------------------] 745/2371. 4ms
       [##########----------------------] 777/2371. 4ms
       [##########----------------------] 778/2371. 4ms
       [#########-----------------------] 731/2371. 4ms
       [##########----------------------] 780/2371. 4ms
       [##########----------------------] 765/2371. 4ms
       [##########----------------------] 782/2371. 4ms
       [##########----------------------] 766/2371. 4ms
       [##########----------------------] 783/2371. 4ms
       [##########----------------------] 784/2371. 4ms
       [##########----------------------] 786/2371. 4ms
       [##########----------------------] 771/2371. 4ms
       [##########----------------------] 774/2371. 4ms
       [##########----------------------] 788/2371. 4ms
       [##########----------------------] 789/2371. 4ms
       [##########----------------------] 790/2371. 4ms
       [##########----------------------] 762/2371. 4ms
       [##########----------------------] 793/2371. 4ms
       [##########----------------------] 779/2371. 4ms
       [##########----------------------] 795/2371. 4ms
       [##########----------------------] 796/2371. 4ms
       [##########----------------------] 767/2371. 4ms
       [##########----------------------] 770/2371. 4ms
       [##########----------------------] 799/2371. 4ms
       [##########----------------------] 800/2371. 4ms
       [##########----------------------] 785/2371. 4ms
       [##########----------------------] 802/2371. 4ms
       [##########----------------------] 787/2371. 4ms
       [##########----------------------] 776/2371. 4ms
       [##########----------------------] 805/2371. 4ms
       [##########----------------------] 806/2371. 4ms
       [##########----------------------] 794/2371. 4ms
       [##########----------------------] 808/2371. 4ms
       [##########----------------------] 809/2371. 4ms
       [##########----------------------] 797/2371. 4ms
       [##########----------------------] 801/2371. 4ms
       [##########----------------------] 812/2371. 4ms
       [##########----------------------] 803/2371. 4ms
       [##########----------------------] 791/2371. 4ms
       [##########----------------------] 815/2371. 4ms
       [##########----------------------] 804/2371. 4ms
       [###########---------------------] 817/2371. 4ms
       [##########----------------------] 792/2371. 4ms
       [###########---------------------] 819/2371. 4ms
       [##########----------------------] 781/2371. 4ms
       [###########---------------------] 821/2371. 4ms
       [##########----------------------] 798/2371. 4ms
       [###########---------------------] 823/2371. 4ms
       [##########----------------------] 813/2371. 4ms
       [###########---------------------] 825/2371. 4ms
       [###########---------------------] 826/2371. 4ms
       [##########----------------------] 814/2371. 4ms
       [###########---------------------] 816/2371. 4ms
       [###########---------------------] 829/2371. 4ms
       [###########---------------------] 818/2371. 4ms
       [###########---------------------] 831/2371. 4ms
       [##########----------------------] 807/2371. 4ms
       [###########---------------------] 833/2371. 4ms
       [###########---------------------] 820/2371. 4ms
       [###########---------------------] 822/2371. 4ms
       [###########---------------------] 836/2371. 4ms
       [##########----------------------] 811/2371. 4ms
       [###########---------------------] 838/2371. 4ms
       [###########---------------------] 824/2371. 4ms
       [###########---------------------] 827/2371. 4ms
       [###########---------------------] 840/2371. 4ms
       [###########---------------------] 841/2371. 4ms
       [###########---------------------] 828/2371. 4ms
       [###########---------------------] 844/2371. 4ms
       [###########---------------------] 845/2371. 4ms
       [###########---------------------] 834/2371. 4ms
       [###########---------------------] 847/2371. 4ms
       [##########----------------------] 810/2371. 4ms
       [###########---------------------] 849/2371. 4ms
       [###########---------------------] 837/2371. 4ms
       [###########---------------------] 851/2371. 4ms
       [###########---------------------] 839/2371. 4ms
       [###########---------------------] 842/2371. 4ms
       [###########---------------------] 854/2371. 4ms
       [###########---------------------] 855/2371. 4ms
       [###########---------------------] 856/2371. 4ms
       [###########---------------------] 857/2371. 4ms
       [###########---------------------] 858/2371. 4ms
       [###########---------------------] 830/2371. 4ms
       [###########---------------------] 843/2371. 4ms
       [###########---------------------] 861/2371. 4ms
       [###########---------------------] 862/2371. 4ms
       [###########---------------------] 846/2371. 4ms
       [###########---------------------] 848/2371. 4ms
       [###########---------------------] 865/2371. 4ms
       [###########---------------------] 850/2371. 4ms
       [###########---------------------] 867/2371. 4ms
       [###########---------------------] 868/2371. 4ms
       [###########---------------------] 859/2371. 4ms
       [###########---------------------] 870/2371. 4ms
       [###########---------------------] 860/2371. 4ms
       [###########---------------------] 872/2371. 4ms
       [###########---------------------] 832/2371. 4ms
       [###########---------------------] 874/2371. 4ms
       [###########---------------------] 863/2371. 4ms
       [###########---------------------] 876/2371. 4ms
       [###########---------------------] 877/2371. 4ms
       [###########---------------------] 878/2371. 4ms
       [###########---------------------] 866/2371. 4ms
       [###########---------------------] 880/2371. 4ms
       [###########---------------------] 881/2371. 4ms
       [###########---------------------] 853/2371. 4ms
       [###########---------------------] 883/2371. 4ms
       [###########---------------------] 869/2371. 4ms
       [###########---------------------] 871/2371. 4ms
       [###########---------------------] 886/2371. 4ms
       [###########---------------------] 873/2371. 4ms
       [###########---------------------] 888/2371. 4ms
       [###########---------------------] 889/2371. 4ms
       [###########---------------------] 875/2371. 4ms
       [###########---------------------] 864/2371. 4ms
       [############--------------------] 892/2371. 4ms
       [###########---------------------] 835/2371. 4ms
       [############--------------------] 894/2371. 4ms
       [############--------------------] 895/2371. 4ms
       [###########---------------------] 882/2371. 4ms
       [############--------------------] 897/2371. 4ms
       [###########---------------------] 884/2371. 4ms
       [############--------------------] 899/2371. 4ms
       [###########---------------------] 885/2371. 4ms
       [###########---------------------] 887/2371. 4ms
       [############--------------------] 890/2371. 4ms
       [############--------------------] 903/2371. 4ms
       [############--------------------] 904/2371. 4ms
       [############--------------------] 891/2371. 4ms
       [############--------------------] 893/2371. 4ms
       [############--------------------] 907/2371. 4ms
       [###########---------------------] 879/2371. 4ms
       [############--------------------] 909/2371. 5ms
       [############--------------------] 910/2371. 5ms
       [############--------------------] 896/2371. 4ms
       [############--------------------] 912/2371. 5ms
       [############--------------------] 898/2371. 4ms
       [############--------------------] 914/2371. 5ms
       [############--------------------] 900/2371. 4ms
       [############--------------------] 916/2371. 5ms
       [############--------------------] 902/2371. 4ms
       [############--------------------] 905/2371. 4ms
       [############--------------------] 918/2371. 5ms
       [############--------------------] 919/2371. 5ms
       [############--------------------] 906/2371. 4ms
       [############--------------------] 908/2371. 4ms
       [############--------------------] 923/2371. 5ms
       [###########---------------------] 852/2371. 4ms
       [############--------------------] 925/2371. 5ms
       [############--------------------] 913/2371. 5ms
       [############--------------------] 927/2371. 5ms
       [############--------------------] 901/2371. 4ms
       [############--------------------] 929/2371. 5ms
       [############--------------------] 917/2371. 5ms
       [############--------------------] 921/2371. 5ms
       [############--------------------] 932/2371. 5ms
       [############--------------------] 933/2371. 5ms
       [############--------------------] 922/2371. 5ms
       [############--------------------] 935/2371. 5ms
       [############--------------------] 924/2371. 5ms
       [############--------------------] 937/2371. 5ms
       [############--------------------] 911/2371. 5ms
       [############--------------------] 939/2371. 5ms
       [############--------------------] 926/2371. 5ms
       [############--------------------] 928/2371. 5ms
       [############--------------------] 920/2371. 5ms
       [############--------------------] 943/2371. 5ms
       [############--------------------] 944/2371. 5ms
       [############--------------------] 930/2371. 5ms
       [############--------------------] 946/2371. 5ms
       [############--------------------] 931/2371. 5ms
       [############--------------------] 934/2371. 5ms
       [############--------------------] 949/2371. 5ms
       [############--------------------] 950/2371. 5ms
       [############--------------------] 936/2371. 5ms
       [############--------------------] 952/2371. 5ms
       [############--------------------] 938/2371. 5ms
       [############--------------------] 954/2371. 5ms
       [############--------------------] 940/2371. 5ms
       [############--------------------] 956/2371. 5ms
       [############--------------------] 915/2371. 5ms
       [############--------------------] 958/2371. 5ms
       [############--------------------] 959/2371. 5ms
       [############--------------------] 942/2371. 5ms
       [############--------------------] 961/2371. 5ms
       [############--------------------] 947/2371. 5ms
       [############--------------------] 963/2371. 5ms
       [############--------------------] 948/2371. 5ms
       [############--------------------] 951/2371. 5ms
       [#############-------------------] 966/2371. 5ms
       [#############-------------------] 967/2371. 5ms
       [############--------------------] 953/2371. 5ms
       [#############-------------------] 969/2371. 5ms
       [############--------------------] 955/2371. 5ms
       [#############-------------------] 971/2371. 5ms
       [############--------------------] 957/2371. 5ms
       [#############-------------------] 973/2371. 5ms
       [############--------------------] 945/2371. 5ms
       [#############-------------------] 975/2371. 5ms
       [#############-------------------] 976/2371. 5ms
       [############--------------------] 960/2371. 5ms
       [#############-------------------] 978/2371. 5ms
       [############--------------------] 962/2371. 5ms
       [#############-------------------] 979/2371. 5ms
       [#############-------------------] 968/2371. 5ms
       [#############-------------------] 982/2371. 5ms
       [#############-------------------] 983/2371. 5ms
       [#############-------------------] 970/2371. 5ms
       [#############-------------------] 985/2371. 5ms
       [#############-------------------] 972/2371. 5ms
       [#############-------------------] 987/2371. 5ms
       [#############-------------------] 974/2371. 5ms
       [#############-------------------] 977/2371. 5ms
       [#############-------------------] 990/2371. 5ms
       [#############-------------------] 964/2371. 5ms
       [#############-------------------] 980/2371. 5ms
       [#############-------------------] 993/2371. 5ms
       [#############-------------------] 965/2371. 5ms
       [#############-------------------] 984/2371. 5ms
       [#############-------------------] 996/2371. 5ms
       [#############-------------------] 986/2371. 5ms
       [#############-------------------] 998/2371. 5ms
       [############--------------------] 941/2371. 5ms
       [#############-------------------] 1000/2371. 5ms
       [#############-------------------] 989/2371. 5ms
       [#############-------------------] 991/2371. 5ms
       [#############-------------------] 1003/2371. 5ms
       [#############-------------------] 1004/2371. 5ms
       [#############-------------------] 992/2371. 5ms
       [#############-------------------] 994/2371. 5ms
       [#############-------------------] 1007/2371. 5ms
       [#############-------------------] 981/2371. 5ms
       [#############-------------------] 997/2371. 5ms
       [#############-------------------] 1010/2371. 5ms
       [#############-------------------] 1011/2371. 5ms
       [#############-------------------] 999/2371. 5ms
       [#############-------------------] 1013/2371. 5ms
       [#############-------------------] 988/2371. 5ms
       [#############-------------------] 1002/2371. 5ms
       [#############-------------------] 1005/2371. 5ms
       [#############-------------------] 1017/2371. 5ms
       [#############-------------------] 1018/2371. 5ms
       [#############-------------------] 1006/2371. 5ms
       [#############-------------------] 1020/2371. 5ms
       [#############-------------------] 1021/2371. 5ms
       [#############-------------------] 995/2371. 5ms
       [#############-------------------] 1022/2371. 5ms
       [#############-------------------] 1012/2371. 5ms
       [#############-------------------] 1025/2371. 5ms
       [#############-------------------] 1026/2371. 5ms
       [#############-------------------] 1014/2371. 5ms
       [#############-------------------] 1028/2371. 5ms
       [#############-------------------] 1029/2371. 5ms
       [#############-------------------] 1015/2371. 5ms
       [#############-------------------] 1031/2371. 5ms
       [#############-------------------] 1019/2371. 5ms
       [#############-------------------] 1033/2371. 5ms
       [#############-------------------] 1008/2371. 5ms
       [#############-------------------] 1035/2371. 5ms
       [#############-------------------] 1023/2371. 5ms
       [#############-------------------] 1037/2371. 5ms
       [##############------------------] 1038/2371. 5ms
       [#############-------------------] 1024/2371. 5ms
       [#############-------------------] 1027/2371. 5ms
       [##############------------------] 1041/2371. 5ms
       [##############------------------] 1042/2371. 5ms
       [#############-------------------] 1001/2371. 5ms
       [##############------------------] 1044/2371. 5ms
       [#############-------------------] 1030/2371. 5ms
       [##############------------------] 1046/2371. 5ms
       [#############-------------------] 1016/2371. 5ms
       [##############------------------] 1048/2371. 5ms
       [#############-------------------] 1032/2371. 5ms
       [##############------------------] 1050/2371. 5ms
       [#############-------------------] 1036/2371. 5ms
       [##############------------------] 1052/2371. 5ms
       [#############-------------------] 1009/2371. 5ms
       [##############------------------] 1039/2371. 5ms
       [##############------------------] 1055/2371. 5ms
       [##############------------------] 1040/2371. 5ms
       [##############------------------] 1043/2371. 5ms
       [##############------------------] 1058/2371. 5ms
       [##############------------------] 1059/2371. 5ms
       [##############------------------] 1045/2371. 5ms
       [##############------------------] 1061/2371. 5ms
       [##############------------------] 1047/2371. 5ms
       [#############-------------------] 1034/2371. 5ms
       [##############------------------] 1064/2371. 5ms
       [##############------------------] 1065/2371. 5ms
       [##############------------------] 1049/2371. 5ms
       [##############------------------] 1067/2371. 5ms
       [##############------------------] 1051/2371. 5ms
       [##############------------------] 1069/2371. 5ms
       [##############------------------] 1054/2371. 5ms
       [##############------------------] 1071/2371. 5ms
       [##############------------------] 1056/2371. 5ms
       [##############------------------] 1057/2371. 5ms
       [##############------------------] 1060/2371. 5ms
       [##############------------------] 1075/2371. 5ms
       [##############------------------] 1076/2371. 5ms
       [##############------------------] 1062/2371. 5ms
       [##############------------------] 1078/2371. 5ms
       [##############------------------] 1063/2371. 5ms
       [##############------------------] 1066/2371. 5ms
       [##############------------------] 1081/2371. 5ms
       [##############------------------] 1082/2371. 5ms
       [##############------------------] 1068/2371. 5ms
       [##############------------------] 1084/2371. 5ms
       [##############------------------] 1053/2371. 5ms
       [##############------------------] 1086/2371. 5ms
       [##############------------------] 1072/2371. 5ms
       [##############------------------] 1088/2371. 5ms
       [##############------------------] 1073/2371. 5ms
       [##############------------------] 1090/2371. 5ms
       [##############------------------] 1077/2371. 5ms
       [##############------------------] 1092/2371. 5ms
       [##############------------------] 1093/2371. 5ms
       [##############------------------] 1079/2371. 5ms
       [##############------------------] 1095/2371. 5ms
       [##############------------------] 1080/2371. 5ms
       [##############------------------] 1097/2371. 5ms
       [##############------------------] 1085/2371. 5ms
       [##############------------------] 1099/2371. 5ms
       [##############------------------] 1100/2371. 5ms
       [##############------------------] 1087/2371. 5ms
       [##############------------------] 1102/2371. 5ms
       [##############------------------] 1074/2371. 5ms
       [##############------------------] 1104/2371. 5ms
       [##############------------------] 1094/2371. 5ms
       [##############------------------] 1106/2371. 5ms
       [##############------------------] 1083/2371. 5ms
       [##############------------------] 1108/2371. 5ms
       [##############------------------] 1109/2371. 5ms
       [##############------------------] 1096/2371. 5ms
       [##############------------------] 1111/2371. 5ms
       [##############------------------] 1098/2371. 5ms
       [###############-----------------] 1113/2371. 5ms
       [##############------------------] 1070/2371. 5ms
       [##############------------------] 1101/2371. 5ms
       [##############------------------] 1089/2371. 5ms
       [###############-----------------] 1117/2371. 5ms
       [##############------------------] 1103/2371. 5ms
       [##############------------------] 1105/2371. 5ms
       [##############------------------] 1107/2371. 5ms
       [###############-----------------] 1121/2371. 6ms
       [##############------------------] 1110/2371. 5ms
       [###############-----------------] 1123/2371. 6ms
       [###############-----------------] 1112/2371. 5ms
       [###############-----------------] 1125/2371. 6ms
       [###############-----------------] 1114/2371. 5ms
       [###############-----------------] 1127/2371. 6ms
       [###############-----------------] 1115/2371. 5ms
       [###############-----------------] 1129/2371. 6ms
       [###############-----------------] 1130/2371. 6ms
       [###############-----------------] 1118/2371. 5ms
       [###############-----------------] 1132/2371. 6ms
       [###############-----------------] 1133/2371. 6ms
       [###############-----------------] 1119/2371. 6ms
       [###############-----------------] 1135/2371. 6ms
       [###############-----------------] 1122/2371. 6ms
       [###############-----------------] 1137/2371. 6ms
       [###############-----------------] 1124/2371. 6ms
       [###############-----------------] 1139/2371. 6ms
       [###############-----------------] 1126/2371. 6ms
       [###############-----------------] 1141/2371. 6ms
       [###############-----------------] 1128/2371. 6ms
       [###############-----------------] 1143/2371. 6ms
       [###############-----------------] 1116/2371. 5ms
       [###############-----------------] 1145/2371. 6ms
       [###############-----------------] 1146/2371. 6ms
       [###############-----------------] 1147/2371. 6ms
       [###############-----------------] 1134/2371. 6ms
       [###############-----------------] 1149/2371. 6ms
       [###############-----------------] 1120/2371. 6ms
       [###############-----------------] 1151/2371. 6ms
       [###############-----------------] 1136/2371. 6ms
       [###############-----------------] 1140/2371. 6ms
       [###############-----------------] 1154/2371. 6ms
       [###############-----------------] 1155/2371. 6ms
       [###############-----------------] 1142/2371. 6ms
       [###############-----------------] 1157/2371. 6ms
       [###############-----------------] 1144/2371. 6ms
       [###############-----------------] 1159/2371. 6ms
       [###############-----------------] 1131/2371. 6ms
       [###############-----------------] 1161/2371. 6ms
       [###############-----------------] 1148/2371. 6ms
       [###############-----------------] 1163/2371. 6ms
       [###############-----------------] 1150/2371. 6ms
       [###############-----------------] 1165/2371. 6ms
       [###############-----------------] 1152/2371. 6ms
       [###############-----------------] 1167/2371. 6ms
       [###############-----------------] 1153/2371. 6ms
       [###############-----------------] 1169/2371. 6ms
       [###############-----------------] 1158/2371. 6ms
       [###############-----------------] 1171/2371. 6ms
       [##############------------------] 1091/2371. 5ms
       [###############-----------------] 1173/2371. 6ms
       [###############-----------------] 1162/2371. 6ms
       [###############-----------------] 1175/2371. 6ms
       [###############-----------------] 1176/2371. 6ms
       [###############-----------------] 1166/2371. 6ms
       [###############-----------------] 1156/2371. 6ms
       [###############-----------------] 1179/2371. 6ms
       [###############-----------------] 1180/2371. 6ms
       [###############-----------------] 1168/2371. 6ms
       [###############-----------------] 1182/2371. 6ms
       [###############-----------------] 1183/2371. 6ms
       [###############-----------------] 1160/2371. 6ms
       [###############-----------------] 1172/2371. 6ms
       [################----------------] 1186/2371. 6ms
       [###############-----------------] 1138/2371. 6ms
       [###############-----------------] 1174/2371. 6ms
       [################----------------] 1189/2371. 6ms
       [###############-----------------] 1164/2371. 6ms
       [################----------------] 1191/2371. 6ms
       [################----------------] 1192/2371. 6ms
       [###############-----------------] 1178/2371. 6ms
       [###############-----------------] 1181/2371. 6ms
       [################----------------] 1195/2371. 6ms
       [################----------------] 1196/2371. 6ms
       [###############-----------------] 1170/2371. 6ms
       [###############-----------------] 1184/2371. 6ms
       [################----------------] 1199/2371. 6ms
       [###############-----------------] 1185/2371. 6ms
       [################----------------] 1201/2371. 6ms
       [################----------------] 1187/2371. 6ms
       [################----------------] 1203/2371. 6ms
       [################----------------] 1190/2371. 6ms
       [################----------------] 1205/2371. 6ms
       [###############-----------------] 1177/2371. 6ms
       [################----------------] 1207/2371. 6ms
       [################----------------] 1194/2371. 6ms
       [################----------------] 1197/2371. 6ms
       [################----------------] 1210/2371. 6ms
       [################----------------] 1211/2371. 6ms
       [################----------------] 1198/2371. 6ms
       [################----------------] 1213/2371. 6ms
       [################----------------] 1200/2371. 6ms
       [################----------------] 1188/2371. 6ms
       [################----------------] 1216/2371. 6ms
       [################----------------] 1217/2371. 6ms
       [################----------------] 1202/2371. 6ms
       [################----------------] 1219/2371. 6ms
       [################----------------] 1204/2371. 6ms
       [################----------------] 1221/2371. 6ms
       [################----------------] 1206/2371. 6ms
       [################----------------] 1193/2371. 6ms
       [################----------------] 1224/2371. 6ms
       [################----------------] 1225/2371. 6ms
       [################----------------] 1209/2371. 6ms
       [################----------------] 1212/2371. 6ms
       [################----------------] 1228/2371. 6ms
       [################----------------] 1229/2371. 6ms
       [################----------------] 1214/2371. 6ms
       [################----------------] 1231/2371. 6ms
       [################----------------] 1215/2371. 6ms
       [################----------------] 1218/2371. 6ms
       [################----------------] 1234/2371. 6ms
       [################----------------] 1235/2371. 6ms
       [################----------------] 1220/2371. 6ms
       [################----------------] 1237/2371. 6ms
       [################----------------] 1238/2371. 6ms
       [################----------------] 1223/2371. 6ms
       [################----------------] 1208/2371. 6ms
       [################----------------] 1241/2371. 6ms
       [################----------------] 1226/2371. 6ms
       [################----------------] 1243/2371. 6ms
       [################----------------] 1227/2371. 6ms
       [################----------------] 1230/2371. 6ms
       [################----------------] 1246/2371. 6ms
       [################----------------] 1232/2371. 6ms
       [################----------------] 1248/2371. 6ms
       [################----------------] 1233/2371. 6ms
       [################----------------] 1236/2371. 6ms
       [################----------------] 1251/2371. 6ms
       [################----------------] 1252/2371. 6ms
       [################----------------] 1222/2371. 6ms
       [################----------------] 1254/2371. 6ms
       [################----------------] 1239/2371. 6ms
       [################----------------] 1256/2371. 6ms
       [################----------------] 1242/2371. 6ms
       [################----------------] 1258/2371. 6ms
       [################----------------] 1244/2371. 6ms
       [#################---------------] 1260/2371. 6ms
       [################----------------] 1247/2371. 6ms
       [#################---------------] 1262/2371. 6ms
       [#################---------------] 1263/2371. 6ms
       [################----------------] 1249/2371. 6ms
       [#################---------------] 1265/2371. 6ms
       [################----------------] 1250/2371. 6ms
       [################----------------] 1253/2371. 6ms
       [#################---------------] 1268/2371. 6ms
       [#################---------------] 1269/2371. 6ms
       [################----------------] 1255/2371. 6ms
       [#################---------------] 1271/2371. 6ms
       [################----------------] 1240/2371. 6ms
       [#################---------------] 1272/2371. 6ms
       [################----------------] 1245/2371. 6ms
       [#################---------------] 1275/2371. 6ms
       [#################---------------] 1261/2371. 6ms
       [#################---------------] 1264/2371. 6ms
       [#################---------------] 1278/2371. 6ms
       [#################---------------] 1279/2371. 6ms
       [#################---------------] 1266/2371. 6ms
       [#################---------------] 1281/2371. 6ms
       [#################---------------] 1267/2371. 6ms
       [#################---------------] 1270/2371. 6ms
       [#################---------------] 1284/2371. 6ms
       [#################---------------] 1285/2371. 6ms
       [################----------------] 1257/2371. 6ms
       [#################---------------] 1287/2371. 6ms
       [#################---------------] 1273/2371. 6ms
       [#################---------------] 1289/2371. 6ms
       [#################---------------] 1290/2371. 6ms
       [#################---------------] 1274/2371. 6ms
       [#################---------------] 1292/2371. 6ms
       [#################---------------] 1277/2371. 6ms
       [#################---------------] 1280/2371. 6ms
       [#################---------------] 1295/2371. 6ms
       [#################---------------] 1282/2371. 6ms
       [#################---------------] 1297/2371. 6ms
       [#################---------------] 1283/2371. 6ms
       [#################---------------] 1286/2371. 6ms
       [#################---------------] 1300/2371. 6ms
       [#################---------------] 1301/2371. 6ms
       [#################---------------] 1288/2371. 6ms
       [#################---------------] 1303/2371. 6ms
       [################----------------] 1259/2371. 6ms
       [#################---------------] 1304/2371. 6ms
       [#################---------------] 1276/2371. 6ms
       [#################---------------] 1307/2371. 6ms
       [#################---------------] 1293/2371. 6ms
       [#################---------------] 1296/2371. 6ms
       [#################---------------] 1310/2371. 6ms
       [#################---------------] 1298/2371. 6ms
       [#################---------------] 1312/2371. 6ms
       [#################---------------] 1299/2371. 6ms
       [#################---------------] 1302/2371. 6ms
       [#################---------------] 1315/2371. 6ms
       [#################---------------] 1316/2371. 6ms
       [#################---------------] 1291/2371. 6ms
       [#################---------------] 1305/2371. 6ms
       [#################---------------] 1319/2371. 6ms
       [#################---------------] 1320/2371. 6ms
       [#################---------------] 1308/2371. 6ms
       [#################---------------] 1322/2371. 6ms
       [#################---------------] 1294/2371. 6ms
       [#################---------------] 1324/2371. 6ms
       [#################---------------] 1311/2371. 6ms
       [#################---------------] 1326/2371. 7ms
       [#################---------------] 1313/2371. 6ms
       [#################---------------] 1328/2371. 7ms
       [#################---------------] 1314/2371. 6ms
       [#################---------------] 1317/2371. 6ms
       [#################---------------] 1331/2371. 7ms
       [#################---------------] 1332/2371. 7ms
       [#################---------------] 1318/2371. 6ms
       [##################--------------] 1334/2371. 7ms
       [#################---------------] 1306/2371. 6ms
       [##################--------------] 1336/2371. 7ms
       [#################---------------] 1323/2371. 6ms
       [##################--------------] 1338/2371. 7ms
       [#################---------------] 1325/2371. 6ms
       [#################---------------] 1327/2371. 7ms
       [##################--------------] 1341/2371. 7ms
       [##################--------------] 1342/2371. 7ms
       [#################---------------] 1329/2371. 7ms
       [##################--------------] 1344/2371. 7ms
       [#################---------------] 1330/2371. 7ms
       [##################--------------] 1335/2371. 7ms
       [##################--------------] 1347/2371. 7ms
       [##################--------------] 1348/2371. 7ms
       [##################--------------] 1337/2371. 7ms
       [##################--------------] 1350/2371. 7ms
       [##################--------------] 1351/2371. 7ms
       [##################--------------] 1339/2371. 7ms
       [##################--------------] 1353/2371. 7ms
       [##################--------------] 1340/2371. 7ms
       [##################--------------] 1343/2371. 7ms
       [##################--------------] 1356/2371. 7ms
       [#################---------------] 1333/2371. 7ms
       [##################--------------] 1358/2371. 7ms
       [##################--------------] 1359/2371. 7ms
       [##################--------------] 1345/2371. 7ms
       [##################--------------] 1361/2371. 7ms
       [##################--------------] 1346/2371. 7ms
       [##################--------------] 1363/2371. 7ms
       [#################---------------] 1321/2371. 6ms
       [##################--------------] 1365/2371. 7ms
       [##################--------------] 1366/2371. 7ms
       [##################--------------] 1352/2371. 7ms
       [##################--------------] 1368/2371. 7ms
       [##################--------------] 1354/2371. 7ms
       [##################--------------] 1370/2371. 7ms
       [##################--------------] 1355/2371. 7ms
       [##################--------------] 1357/2371. 7ms
       [##################--------------] 1373/2371. 7ms
       [##################--------------] 1360/2371. 7ms
       [##################--------------] 1375/2371. 7ms
       [##################--------------] 1376/2371. 7ms
       [##################--------------] 1362/2371. 7ms
       [##################--------------] 1378/2371. 7ms
       [##################--------------] 1364/2371. 7ms
       [##################--------------] 1380/2371. 7ms
       [##################--------------] 1349/2371. 7ms
       [##################--------------] 1381/2371. 7ms
       [##################--------------] 1382/2371. 7ms
       [##################--------------] 1384/2371. 7ms
       [##################--------------] 1369/2371. 7ms
       [##################--------------] 1371/2371. 7ms
       [##################--------------] 1372/2371. 7ms
       [##################--------------] 1377/2371. 7ms
       [##################--------------] 1389/2371. 7ms
       [##################--------------] 1379/2371. 7ms
       [##################--------------] 1391/2371. 7ms
       [##################--------------] 1392/2371. 7ms
       [##################--------------] 1367/2371. 7ms
       [##################--------------] 1394/2371. 7ms
       [##################--------------] 1385/2371. 7ms
       [##################--------------] 1395/2371. 7ms
       [##################--------------] 1386/2371. 7ms
       [##################--------------] 1374/2371. 7ms
       [##################--------------] 1399/2371. 7ms
       [##################--------------] 1400/2371. 7ms
       [##################--------------] 1387/2371. 7ms
       [##################--------------] 1402/2371. 7ms
       [##################--------------] 1388/2371. 7ms
       [##################--------------] 1390/2371. 7ms
       [##################--------------] 1405/2371. 7ms
       [#################---------------] 1309/2371. 6ms
       [##################--------------] 1407/2371. 7ms
       [##################--------------] 1393/2371. 7ms
       [###################-------------] 1409/2371. 7ms
       [##################--------------] 1383/2371. 7ms
       [###################-------------] 1411/2371. 7ms
       [###################-------------] 1412/2371. 7ms
       [##################--------------] 1397/2371. 7ms
       [###################-------------] 1414/2371. 7ms
       [##################--------------] 1398/2371. 7ms
       [###################-------------] 1416/2371. 7ms
       [##################--------------] 1403/2371. 7ms
       [###################-------------] 1418/2371. 7ms
       [##################--------------] 1404/2371. 7ms
       [##################--------------] 1406/2371. 7ms
       [###################-------------] 1421/2371. 7ms
       [###################-------------] 1408/2371. 7ms
       [###################-------------] 1423/2371. 7ms
       [###################-------------] 1410/2371. 7ms
       [###################-------------] 1425/2371. 7ms
       [###################-------------] 1413/2371. 7ms
       [###################-------------] 1427/2371. 7ms
       [###################-------------] 1415/2371. 7ms
       [##################--------------] 1401/2371. 7ms
       [###################-------------] 1430/2371. 7ms
       [###################-------------] 1431/2371. 7ms
       [###################-------------] 1419/2371. 7ms
       [###################-------------] 1420/2371. 7ms
       [###################-------------] 1422/2371. 7ms
       [###################-------------] 1435/2371. 7ms
       [###################-------------] 1436/2371. 7ms
       [###################-------------] 1424/2371. 7ms
       [###################-------------] 1438/2371. 7ms
       [##################--------------] 1396/2371. 7ms
       [###################-------------] 1440/2371. 7ms
       [###################-------------] 1441/2371. 7ms
       [###################-------------] 1428/2371. 7ms
       [###################-------------] 1443/2371. 7ms
       [###################-------------] 1417/2371. 7ms
       [###################-------------] 1432/2371. 7ms
       [###################-------------] 1445/2371. 7ms
       [###################-------------] 1433/2371. 7ms
       [###################-------------] 1448/2371. 7ms
       [###################-------------] 1434/2371. 7ms
       [###################-------------] 1437/2371. 7ms
       [###################-------------] 1451/2371. 7ms
       [###################-------------] 1452/2371. 7ms
       [###################-------------] 1439/2371. 7ms
       [###################-------------] 1454/2371. 7ms
       [###################-------------] 1426/2371. 7ms
       [###################-------------] 1456/2371. 7ms
       [###################-------------] 1444/2371. 7ms
       [###################-------------] 1458/2371. 7ms
       [###################-------------] 1429/2371. 7ms
       [###################-------------] 1446/2371. 7ms
       [###################-------------] 1461/2371. 7ms
       [###################-------------] 1462/2371. 7ms
       [###################-------------] 1463/2371. 7ms
       [###################-------------] 1464/2371. 7ms
       [###################-------------] 1449/2371. 7ms
       [###################-------------] 1466/2371. 7ms
       [###################-------------] 1450/2371. 7ms
       [###################-------------] 1453/2371. 7ms
       [###################-------------] 1469/2371. 7ms
       [###################-------------] 1470/2371. 7ms
       [###################-------------] 1455/2371. 7ms
       [###################-------------] 1472/2371. 7ms
       [###################-------------] 1442/2371. 7ms
       [###################-------------] 1474/2371. 7ms
       [###################-------------] 1457/2371. 7ms
       [###################-------------] 1475/2371. 7ms
       [###################-------------] 1460/2371. 7ms
       [###################-------------] 1447/2371. 7ms
       [###################-------------] 1465/2371. 7ms
       [###################-------------] 1480/2371. 7ms
       [###################-------------] 1481/2371. 7ms
       [###################-------------] 1467/2371. 7ms
       [####################------------] 1483/2371. 7ms
       [###################-------------] 1468/2371. 7ms
       [###################-------------] 1471/2371. 7ms
       [####################------------] 1486/2371. 7ms
       [####################------------] 1487/2371. 7ms
       [###################-------------] 1473/2371. 7ms
       [####################------------] 1489/2371. 7ms
       [###################-------------] 1459/2371. 7ms
       [####################------------] 1491/2371. 7ms
       [###################-------------] 1476/2371. 7ms
       [####################------------] 1493/2371. 7ms
       [###################-------------] 1477/2371. 7ms
       [####################------------] 1495/2371. 7ms
       [###################-------------] 1478/2371. 7ms
       [####################------------] 1497/2371. 7ms
       [###################-------------] 1479/2371. 7ms
       [####################------------] 1499/2371. 7ms
       [####################------------] 1484/2371. 7ms
       [####################------------] 1501/2371. 7ms
       [####################------------] 1485/2371. 7ms
       [####################------------] 1488/2371. 7ms
       [####################------------] 1504/2371. 7ms
       [####################------------] 1490/2371. 7ms
       [####################------------] 1506/2371. 7ms
       [####################------------] 1492/2371. 7ms
       [####################------------] 1508/2371. 7ms
       [####################------------] 1494/2371. 7ms
       [####################------------] 1482/2371. 7ms
       [####################------------] 1511/2371. 7ms
       [####################------------] 1498/2371. 7ms
       [####################------------] 1513/2371. 7ms
       [####################------------] 1514/2371. 7ms
       [####################------------] 1502/2371. 7ms
       [####################------------] 1516/2371. 7ms
       [####################------------] 1503/2371. 7ms
       [####################------------] 1505/2371. 7ms
       [####################------------] 1519/2371. 7ms
       [####################------------] 1520/2371. 7ms
       [####################------------] 1507/2371. 7ms
       [####################------------] 1522/2371. 7ms
       [####################------------] 1509/2371. 7ms
       [####################------------] 1524/2371. 7ms
       [####################------------] 1496/2371. 7ms
       [####################------------] 1512/2371. 7ms
       [####################------------] 1527/2371. 7ms
       [####################------------] 1500/2371. 7ms
       [####################------------] 1529/2371. 7ms
       [####################------------] 1515/2371. 7ms
       [####################------------] 1531/2371. 7ms
       [####################------------] 1517/2371. 7ms
       [####################------------] 1521/2371. 7ms
       [####################------------] 1534/2371. 7ms
       [####################------------] 1523/2371. 7ms
       [####################------------] 1536/2371. 7ms
       [####################------------] 1525/2371. 7ms
       [####################------------] 1538/2371. 7ms
       [####################------------] 1539/2371. 7ms
       [####################------------] 1526/2371. 7ms
       [####################------------] 1528/2371. 7ms
       [####################------------] 1542/2371. 8ms
       [####################------------] 1543/2371. 8ms
       [####################------------] 1530/2371. 7ms
       [####################------------] 1545/2371. 8ms
       [####################------------] 1532/2371. 7ms
       [####################------------] 1547/2371. 8ms
       [####################------------] 1518/2371. 7ms
       [####################------------] 1549/2371. 8ms
       [####################------------] 1533/2371. 7ms
       [####################------------] 1551/2371. 8ms
       [####################------------] 1537/2371. 7ms
       [####################------------] 1553/2371. 8ms
       [####################------------] 1510/2371. 7ms
       [####################------------] 1555/2371. 8ms
       [####################------------] 1541/2371. 7ms
       [####################------------] 1544/2371. 8ms
       [#####################-----------] 1558/2371. 8ms
       [#####################-----------] 1559/2371. 8ms
       [####################------------] 1546/2371. 8ms
       [#####################-----------] 1561/2371. 8ms
       [####################------------] 1548/2371. 8ms
       [####################------------] 1535/2371. 7ms
       [#####################-----------] 1564/2371. 8ms
       [#####################-----------] 1565/2371. 8ms
       [####################------------] 1550/2371. 8ms
       [#####################-----------] 1567/2371. 8ms
       [####################------------] 1554/2371. 8ms
       [#####################-----------] 1569/2371. 8ms
       [####################------------] 1540/2371. 7ms
       [#####################-----------] 1571/2371. 8ms
       [#####################-----------] 1560/2371. 8ms
       [#####################-----------] 1573/2371. 8ms
       [#####################-----------] 1574/2371. 8ms
       [#####################-----------] 1562/2371. 8ms
       [#####################-----------] 1576/2371. 8ms
       [#####################-----------] 1563/2371. 8ms
       [#####################-----------] 1577/2371. 8ms
       [####################------------] 1552/2371. 8ms
       [#####################-----------] 1580/2371. 8ms
       [#####################-----------] 1568/2371. 8ms
       [#####################-----------] 1582/2371. 8ms
       [#####################-----------] 1570/2371. 8ms
       [#####################-----------] 1584/2371. 8ms
       [#####################-----------] 1557/2371. 8ms
       [#####################-----------] 1586/2371. 8ms
       [#####################-----------] 1572/2371. 8ms
       [#####################-----------] 1575/2371. 8ms
       [#####################-----------] 1588/2371. 8ms
       [#####################-----------] 1589/2371. 8ms
       [#####################-----------] 1566/2371. 8ms
       [#####################-----------] 1592/2371. 8ms
       [#####################-----------] 1591/2371. 8ms
       [#####################-----------] 1594/2371. 8ms
       [#####################-----------] 1595/2371. 8ms
       [#####################-----------] 1581/2371. 8ms
       [#####################-----------] 1597/2371. 8ms
       [#####################-----------] 1583/2371. 8ms
       [#####################-----------] 1599/2371. 8ms
       [#####################-----------] 1600/2371. 8ms
       [#####################-----------] 1585/2371. 8ms
       [#####################-----------] 1587/2371. 8ms
       [#####################-----------] 1590/2371. 8ms
       [#####################-----------] 1604/2371. 8ms
       [#####################-----------] 1605/2371. 8ms
       [#####################-----------] 1606/2371. 8ms
       [#####################-----------] 1607/2371. 8ms
       [#####################-----------] 1593/2371. 8ms
       [#####################-----------] 1578/2371. 8ms
       [#####################-----------] 1610/2371. 8ms
       [#####################-----------] 1611/2371. 8ms
       [#####################-----------] 1596/2371. 8ms
       [#####################-----------] 1598/2371. 8ms
       [#####################-----------] 1556/2371. 8ms
       [#####################-----------] 1615/2371. 8ms
       [#####################-----------] 1601/2371. 8ms
       [#####################-----------] 1617/2371. 8ms
       [#####################-----------] 1602/2371. 8ms
       [#####################-----------] 1603/2371. 8ms
       [#####################-----------] 1619/2371. 8ms
       [#####################-----------] 1620/2371. 8ms
       [#####################-----------] 1622/2371. 8ms
       [#####################-----------] 1579/2371. 8ms
       [#####################-----------] 1624/2371. 8ms
       [#####################-----------] 1613/2371. 8ms
       [#####################-----------] 1626/2371. 8ms
       [#####################-----------] 1614/2371. 8ms
       [#####################-----------] 1628/2371. 8ms
       [#####################-----------] 1618/2371. 8ms
       [#####################-----------] 1608/2371. 8ms
       [#####################-----------] 1609/2371. 8ms
       [######################----------] 1631/2371. 8ms
       [######################----------] 1632/2371. 8ms
       [######################----------] 1633/2371. 8ms
       [#####################-----------] 1621/2371. 8ms
       [######################----------] 1636/2371. 8ms
       [#####################-----------] 1623/2371. 8ms
       [######################----------] 1638/2371. 8ms
       [#####################-----------] 1612/2371. 8ms
       [######################----------] 1640/2371. 8ms
       [######################----------] 1641/2371. 8ms
       [#####################-----------] 1627/2371. 8ms
       [######################----------] 1643/2371. 8ms
       [######################----------] 1644/2371. 8ms
       [#####################-----------] 1629/2371. 8ms
       [######################----------] 1646/2371. 8ms
       [######################----------] 1634/2371. 8ms
       [######################----------] 1635/2371. 8ms
       [######################----------] 1649/2371. 8ms
       [######################----------] 1637/2371. 8ms
       [######################----------] 1651/2371. 8ms
       [######################----------] 1639/2371. 8ms
       [######################----------] 1653/2371. 8ms
       [######################----------] 1642/2371. 8ms
       [######################----------] 1655/2371. 8ms
       [######################----------] 1656/2371. 8ms
       [######################----------] 1645/2371. 8ms
       [######################----------] 1658/2371. 8ms
       [#####################-----------] 1630/2371. 8ms
       [######################----------] 1660/2371. 8ms
       [######################----------] 1647/2371. 8ms
       [######################----------] 1650/2371. 8ms
       [######################----------] 1663/2371. 8ms
       [######################----------] 1664/2371. 8ms
       [######################----------] 1652/2371. 8ms
       [######################----------] 1666/2371. 8ms
       [######################----------] 1667/2371. 8ms
       [######################----------] 1654/2371. 8ms
       [######################----------] 1669/2371. 8ms
       [######################----------] 1670/2371. 8ms
       [######################----------] 1657/2371. 8ms
       [######################----------] 1672/2371. 8ms
       [######################----------] 1659/2371. 8ms
       [######################----------] 1648/2371. 8ms
       [######################----------] 1675/2371. 8ms
       [######################----------] 1661/2371. 8ms
       [######################----------] 1677/2371. 8ms
       [######################----------] 1662/2371. 8ms
       [######################----------] 1665/2371. 8ms
       [######################----------] 1680/2371. 8ms
       [######################----------] 1679/2371. 8ms
       [######################----------] 1682/2371. 8ms
       [######################----------] 1668/2371. 8ms
       [######################----------] 1684/2371. 8ms
       [######################----------] 1671/2371. 8ms
       [######################----------] 1686/2371. 8ms
       [######################----------] 1673/2371. 8ms
       [######################----------] 1688/2371. 8ms
       [######################----------] 1674/2371. 8ms
       [######################----------] 1690/2371. 8ms
       [######################----------] 1678/2371. 8ms
       [######################----------] 1692/2371. 8ms
       [#####################-----------] 1625/2371. 8ms
       [######################----------] 1694/2371. 8ms
       [######################----------] 1683/2371. 8ms
       [######################----------] 1696/2371. 8ms
       [######################----------] 1685/2371. 8ms
       [######################----------] 1698/2371. 8ms
       [######################----------] 1687/2371. 8ms
       [######################----------] 1676/2371. 8ms
       [######################----------] 1701/2371. 8ms
       [######################----------] 1702/2371. 8ms
       [######################----------] 1689/2371. 8ms
       [######################----------] 1704/2371. 8ms
       [######################----------] 1691/2371. 8ms
       [######################----------] 1681/2371. 8ms
       [#######################---------] 1707/2371. 8ms
       [#######################---------] 1708/2371. 8ms
       [######################----------] 1693/2371. 8ms
       [######################----------] 1695/2371. 8ms
       [#######################---------] 1711/2371. 8ms
       [#######################---------] 1712/2371. 8ms
       [######################----------] 1697/2371. 8ms
       [#######################---------] 1714/2371. 8ms
       [#######################---------] 1715/2371. 8ms
       [######################----------] 1700/2371. 8ms
       [######################----------] 1703/2371. 8ms
       [#######################---------] 1718/2371. 8ms
       [#######################---------] 1719/2371. 8ms
       [#######################---------] 1705/2371. 8ms
       [#######################---------] 1706/2371. 8ms
       [#######################---------] 1709/2371. 8ms
       [#######################---------] 1723/2371. 8ms
       [#######################---------] 1710/2371. 8ms
       [#######################---------] 1725/2371. 8ms
       [#######################---------] 1726/2371. 8ms
       [#######################---------] 1727/2371. 8ms
       [######################----------] 1699/2371. 8ms
       [#######################---------] 1729/2371. 8ms
       [#######################---------] 1717/2371. 8ms
       [#######################---------] 1720/2371. 8ms
       [#######################---------] 1732/2371. 8ms
       [#######################---------] 1733/2371. 8ms
       [#######################---------] 1721/2371. 8ms
       [#######################---------] 1722/2371. 8ms
       [#######################---------] 1724/2371. 8ms
       [#######################---------] 1737/2371. 8ms
       [#####################-----------] 1616/2371. 8ms
       [#######################---------] 1739/2371. 8ms
       [#######################---------] 1740/2371. 8ms
       [#######################---------] 1728/2371. 8ms
       [#######################---------] 1742/2371. 8ms
       [#######################---------] 1743/2371. 8ms
       [#######################---------] 1730/2371. 8ms
       [#######################---------] 1745/2371. 9ms
       [#######################---------] 1734/2371. 8ms
       [#######################---------] 1747/2371. 9ms
       [#######################---------] 1748/2371. 9ms
       [#######################---------] 1735/2371. 8ms
       [#######################---------] 1736/2371. 8ms
       [#######################---------] 1751/2371. 9ms
       [#######################---------] 1752/2371. 9ms
       [#######################---------] 1738/2371. 8ms
       [#######################---------] 1713/2371. 8ms
       [#######################---------] 1755/2371. 9ms
       [#######################---------] 1741/2371. 8ms
       [#######################---------] 1757/2371. 9ms
       [#######################---------] 1744/2371. 8ms
       [#######################---------] 1759/2371. 9ms
       [#######################---------] 1760/2371. 9ms
       [#######################---------] 1746/2371. 9ms
       [#######################---------] 1749/2371. 9ms
       [#######################---------] 1763/2371. 9ms
       [#######################---------] 1764/2371. 9ms
       [#######################---------] 1750/2371. 9ms
       [#######################---------] 1766/2371. 9ms
       [#######################---------] 1753/2371. 9ms
       [#######################---------] 1768/2371. 9ms
       [#######################---------] 1769/2371. 9ms
       [#######################---------] 1716/2371. 8ms
       [#######################---------] 1771/2371. 9ms
       [#######################---------] 1758/2371. 9ms
       [#######################---------] 1773/2371. 9ms
       [#######################---------] 1774/2371. 9ms
       [#######################---------] 1761/2371. 9ms
       [#######################---------] 1776/2371. 9ms
       [#######################---------] 1765/2371. 9ms
       [#######################---------] 1778/2371. 9ms
       [#######################---------] 1754/2371. 9ms
       [########################--------] 1780/2371. 9ms
       [#######################---------] 1767/2371. 9ms
       [########################--------] 1782/2371. 9ms
       [########################--------] 1783/2371. 9ms
       [#######################---------] 1770/2371. 9ms
       [#######################---------] 1772/2371. 9ms
       [########################--------] 1786/2371. 9ms
       [#######################---------] 1731/2371. 8ms
       [########################--------] 1788/2371. 9ms
       [########################--------] 1789/2371. 9ms
       [#######################---------] 1777/2371. 9ms
       [########################--------] 1779/2371. 9ms
       [########################--------] 1792/2371. 9ms
       [########################--------] 1781/2371. 9ms
       [########################--------] 1794/2371. 9ms
       [#######################---------] 1756/2371. 9ms
       [########################--------] 1796/2371. 9ms
       [########################--------] 1784/2371. 9ms
       [########################--------] 1798/2371. 9ms
       [########################--------] 1785/2371. 9ms
       [########################--------] 1800/2371. 9ms
       [########################--------] 1787/2371. 9ms
       [########################--------] 1802/2371. 9ms
       [########################--------] 1803/2371. 9ms
       [########################--------] 1790/2371. 9ms
       [########################--------] 1805/2371. 9ms
       [########################--------] 1791/2371. 9ms
       [########################--------] 1793/2371. 9ms
       [########################--------] 1808/2371. 9ms
       [########################--------] 1795/2371. 9ms
       [########################--------] 1810/2371. 9ms
       [########################--------] 1811/2371. 9ms
       [########################--------] 1797/2371. 9ms
       [########################--------] 1813/2371. 9ms
       [########################--------] 1799/2371. 9ms
       [########################--------] 1815/2371. 9ms
       [########################--------] 1801/2371. 9ms
       [########################--------] 1817/2371. 9ms
       [########################--------] 1818/2371. 9ms
       [#######################---------] 1762/2371. 9ms
       [########################--------] 1820/2371. 9ms
       [########################--------] 1806/2371. 9ms
       [########################--------] 1822/2371. 9ms
       [########################--------] 1809/2371. 9ms
       [########################--------] 1824/2371. 9ms
       [########################--------] 1812/2371. 9ms
       [########################--------] 1826/2371. 9ms
       [########################--------] 1827/2371. 9ms
       [########################--------] 1814/2371. 9ms
       [########################--------] 1829/2371. 9ms
       [########################--------] 1816/2371. 9ms
       [#######################---------] 1775/2371. 9ms
       [########################--------] 1832/2371. 9ms
       [########################--------] 1819/2371. 9ms
       [########################--------] 1834/2371. 9ms
       [########################--------] 1804/2371. 9ms
       [########################--------] 1836/2371. 9ms
       [########################--------] 1807/2371. 9ms
       [########################--------] 1838/2371. 9ms
       [########################--------] 1825/2371. 9ms
       [########################--------] 1840/2371. 9ms
       [########################--------] 1828/2371. 9ms
       [########################--------] 1841/2371. 9ms
       [########################--------] 1842/2371. 9ms
       [########################--------] 1830/2371. 9ms
       [########################--------] 1845/2371. 9ms
       [########################--------] 1831/2371. 9ms
       [########################--------] 1847/2371. 9ms
       [########################--------] 1833/2371. 9ms
       [########################--------] 1849/2371. 9ms
       [########################--------] 1835/2371. 9ms
       [########################--------] 1851/2371. 9ms
       [########################--------] 1821/2371. 9ms
       [#########################-------] 1853/2371. 9ms
       [#########################-------] 1854/2371. 9ms
       [########################--------] 1839/2371. 9ms
       [########################--------] 1843/2371. 9ms
       [#########################-------] 1857/2371. 9ms
       [########################--------] 1844/2371. 9ms
       [#########################-------] 1859/2371. 9ms
       [########################--------] 1846/2371. 9ms
       [#########################-------] 1861/2371. 9ms
       [########################--------] 1848/2371. 9ms
       [#########################-------] 1863/2371. 9ms
       [#########################-------] 1864/2371. 9ms
       [########################--------] 1852/2371. 9ms
       [#########################-------] 1866/2371. 9ms
       [########################--------] 1837/2371. 9ms
       [#########################-------] 1868/2371. 9ms
       [#########################-------] 1855/2371. 9ms
       [#########################-------] 1858/2371. 9ms
       [#########################-------] 1871/2371. 9ms
       [#########################-------] 1860/2371. 9ms
       [#########################-------] 1873/2371. 9ms
       [#########################-------] 1874/2371. 9ms
       [#########################-------] 1862/2371. 9ms
       [#########################-------] 1876/2371. 9ms
       [#########################-------] 1865/2371. 9ms
       [#########################-------] 1878/2371. 9ms
       [#########################-------] 1879/2371. 9ms
       [########################--------] 1823/2371. 9ms
       [#########################-------] 1881/2371. 9ms
       [#########################-------] 1882/2371. 9ms
       [#########################-------] 1856/2371. 9ms
       [#########################-------] 1884/2371. 9ms
       [#########################-------] 1872/2371. 9ms
       [#########################-------] 1885/2371. 9ms
       [#########################-------] 1875/2371. 9ms
       [#########################-------] 1887/2371. 9ms
       [#########################-------] 1889/2371. 9ms
       [#########################-------] 1877/2371. 9ms
       [#########################-------] 1891/2371. 9ms
       [#########################-------] 1867/2371. 9ms
       [#########################-------] 1893/2371. 9ms
       [#########################-------] 1894/2371. 9ms
       [#########################-------] 1895/2371. 9ms
       [#########################-------] 1883/2371. 9ms
       [#########################-------] 1897/2371. 9ms
       [#########################-------] 1886/2371. 9ms
       [#########################-------] 1899/2371. 9ms
       [#########################-------] 1888/2371. 9ms
       [#########################-------] 1901/2371. 9ms
       [#########################-------] 1902/2371. 9ms
       [########################--------] 1850/2371. 9ms
       [#########################-------] 1904/2371. 9ms
       [#########################-------] 1890/2371. 9ms
       [#########################-------] 1906/2371. 9ms
       [#########################-------] 1907/2371. 9ms
       [#########################-------] 1880/2371. 9ms
       [#########################-------] 1909/2371. 9ms
       [#########################-------] 1869/2371. 9ms
       [#########################-------] 1911/2371. 9ms
       [#########################-------] 1896/2371. 9ms
       [#########################-------] 1913/2371. 9ms
       [#########################-------] 1914/2371. 9ms
       [#########################-------] 1898/2371. 9ms
       [#########################-------] 1900/2371. 9ms
       [#########################-------] 1917/2371. 9ms
       [#########################-------] 1903/2371. 9ms
       [#########################-------] 1919/2371. 9ms
       [#########################-------] 1920/2371. 9ms
       [#########################-------] 1905/2371. 9ms
       [#########################-------] 1922/2371. 9ms
       [#########################-------] 1892/2371. 9ms
       [#########################-------] 1924/2371. 9ms
       [#########################-------] 1910/2371. 9ms
       [#########################-------] 1926/2371. 9ms
       [#########################-------] 1912/2371. 9ms
       [##########################------] 1928/2371. 9ms
       [##########################------] 1929/2371. 9ms
       [#########################-------] 1915/2371. 9ms
       [##########################------] 1931/2371. 9ms
       [#########################-------] 1918/2371. 9ms
       [##########################------] 1933/2371. 9ms
       [#########################-------] 1921/2371. 9ms
       [##########################------] 1935/2371. 9ms
       [##########################------] 1936/2371. 9ms
       [#########################-------] 1923/2371. 9ms
       [##########################------] 1938/2371. 9ms
       [#########################-------] 1908/2371. 9ms
       [##########################------] 1940/2371. 9ms
       [##########################------] 1927/2371. 9ms
       [##########################------] 1942/2371. 9ms
       [##########################------] 1943/2371. 9ms
       [##########################------] 1930/2371. 9ms
       [##########################------] 1945/2371. 9ms
       [#########################-------] 1916/2371. 9ms
       [##########################------] 1934/2371. 9ms
       [##########################------] 1948/2371. 9ms
       [##########################------] 1937/2371. 9ms
       [##########################------] 1950/2371. 9ms
       [##########################------] 1951/2371. 9ms
       [##########################------] 1939/2371. 9ms
       [##########################------] 1953/2371. 10ms
       [##########################------] 1954/2371. 10ms
       [##########################------] 1941/2371. 9ms
       [##########################------] 1956/2371. 10ms
       [##########################------] 1957/2371. 10ms
       [##########################------] 1944/2371. 9ms
       [##########################------] 1959/2371. 10ms
       [##########################------] 1960/2371. 10ms
       [##########################------] 1932/2371. 9ms
       [##########################------] 1962/2371. 10ms
       [##########################------] 1949/2371. 9ms
       [##########################------] 1964/2371. 10ms
       [##########################------] 1952/2371. 9ms
       [##########################------] 1966/2371. 10ms
       [#########################-------] 1925/2371. 9ms
       [##########################------] 1968/2371. 10ms
       [##########################------] 1955/2371. 10ms
       [##########################------] 1970/2371. 10ms
       [#########################-------] 1870/2371. 9ms
       [##########################------] 1972/2371. 10ms
       [##########################------] 1946/2371. 9ms
       [##########################------] 1974/2371. 10ms
       [##########################------] 1961/2371. 10ms
       [##########################------] 1976/2371. 10ms
       [##########################------] 1977/2371. 10ms
       [##########################------] 1963/2371. 10ms
       [##########################------] 1965/2371. 10ms
       [##########################------] 1980/2371. 10ms
       [##########################------] 1967/2371. 10ms
       [##########################------] 1982/2371. 10ms
       [##########################------] 1983/2371. 10ms
       [##########################------] 1969/2371. 10ms
       [##########################------] 1985/2371. 10ms
       [##########################------] 1971/2371. 10ms
       [##########################------] 1987/2371. 10ms
       [##########################------] 1958/2371. 10ms
       [##########################------] 1989/2371. 10ms
       [##########################------] 1975/2371. 10ms
       [##########################------] 1991/2371. 10ms
       [##########################------] 1992/2371. 10ms
       [##########################------] 1978/2371. 10ms
       [##########################------] 1994/2371. 10ms
       [##########################------] 1981/2371. 10ms
       [##########################------] 1996/2371. 10ms
       [##########################------] 1984/2371. 10ms
       [##########################------] 1998/2371. 10ms
       [##########################------] 1999/2371. 10ms
       [##########################------] 1986/2371. 10ms
       [###########################-----] 2001/2371. 10ms
       [###########################-----] 2002/2371. 10ms
       [##########################------] 1973/2371. 10ms
       [###########################-----] 2004/2371. 10ms
       [##########################------] 1990/2371. 10ms
       [###########################-----] 2006/2371. 10ms
       [##########################------] 1993/2371. 10ms
       [##########################------] 1979/2371. 10ms
       [##########################------] 1995/2371. 10ms
       [##########################------] 2000/2371. 10ms
       [##########################------] 1997/2371. 10ms
       [###########################-----] 2003/2371. 10ms
       [###########################-----] 2013/2371. 10ms
       [###########################-----] 2014/2371. 10ms
       [##########################------] 1947/2371. 9ms
       [###########################-----] 2016/2371. 10ms
       [###########################-----] 2007/2371. 10ms
       [###########################-----] 2018/2371. 10ms
       [###########################-----] 2009/2371. 10ms
       [###########################-----] 2020/2371. 10ms
       [###########################-----] 2010/2371. 10ms
       [###########################-----] 2011/2371. 10ms
       [###########################-----] 2022/2371. 10ms
       [###########################-----] 2023/2371. 10ms
       [###########################-----] 2012/2371. 10ms
       [###########################-----] 2025/2371. 10ms
       [###########################-----] 2026/2371. 10ms
       [###########################-----] 2027/2371. 10ms
       [###########################-----] 2015/2371. 10ms
       [###########################-----] 2030/2371. 10ms
       [###########################-----] 2017/2371. 10ms
       [###########################-----] 2032/2371. 10ms
       [###########################-----] 2033/2371. 10ms
       [###########################-----] 2019/2371. 10ms
       [###########################-----] 2035/2371. 10ms
       [###########################-----] 2021/2371. 10ms
       [###########################-----] 2024/2371. 10ms
       [###########################-----] 2038/2371. 10ms
       [##########################------] 1988/2371. 10ms
       [###########################-----] 2040/2371. 10ms
       [###########################-----] 2041/2371. 10ms
       [###########################-----] 2028/2371. 10ms
       [###########################-----] 2029/2371. 10ms
       [###########################-----] 2044/2371. 10ms
       [###########################-----] 2045/2371. 10ms
       [###########################-----] 2031/2371. 10ms
       [###########################-----] 2047/2371. 10ms
       [###########################-----] 2008/2371. 10ms
       [###########################-----] 2049/2371. 10ms
       [###########################-----] 2034/2371. 10ms
       [###########################-----] 2051/2371. 10ms
       [###########################-----] 2036/2371. 10ms
       [###########################-----] 2037/2371. 10ms
       [###########################-----] 2039/2371. 10ms
       [###########################-----] 2055/2371. 10ms
       [###########################-----] 2056/2371. 10ms
       [###########################-----] 2005/2371. 10ms
       [###########################-----] 2058/2371. 10ms
       [###########################-----] 2042/2371. 10ms
       [###########################-----] 2046/2371. 10ms
       [###########################-----] 2059/2371. 10ms
       [###########################-----] 2060/2371. 10ms
       [###########################-----] 2062/2371. 10ms
       [###########################-----] 2064/2371. 10ms
       [###########################-----] 2052/2371. 10ms
       [###########################-----] 2066/2371. 10ms
       [###########################-----] 2053/2371. 10ms
       [###########################-----] 2057/2371. 10ms
       [###########################-----] 2069/2371. 10ms
       [###########################-----] 2070/2371. 10ms
       [###########################-----] 2043/2371. 10ms
       [###########################-----] 2072/2371. 10ms
       [###########################-----] 2073/2371. 10ms
       [###########################-----] 2061/2371. 10ms
       [###########################-----] 2063/2371. 10ms
       [############################----] 2075/2371. 10ms
       [############################----] 2076/2371. 10ms
       [############################----] 2078/2371. 10ms
       [###########################-----] 2065/2371. 10ms
       [############################----] 2080/2371. 10ms
       [###########################-----] 2067/2371. 10ms
       [############################----] 2082/2371. 10ms
       [###########################-----] 2054/2371. 10ms
       [############################----] 2084/2371. 10ms
       [###########################-----] 2068/2371. 10ms
       [###########################-----] 2071/2371. 10ms
       [############################----] 2087/2371. 10ms
       [############################----] 2088/2371. 10ms
       [###########################-----] 2048/2371. 10ms
       [############################----] 2090/2371. 10ms
       [###########################-----] 2074/2371. 10ms
       [############################----] 2077/2371. 10ms
       [############################----] 2093/2371. 10ms
       [############################----] 2094/2371. 10ms
       [###########################-----] 2050/2371. 10ms
       [############################----] 2096/2371. 10ms
       [############################----] 2079/2371. 10ms
       [############################----] 2083/2371. 10ms
       [############################----] 2099/2371. 10ms
       [############################----] 2085/2371. 10ms
       [############################----] 2089/2371. 10ms
       [############################----] 2102/2371. 10ms
       [############################----] 2103/2371. 10ms
       [############################----] 2091/2371. 10ms
       [############################----] 2105/2371. 10ms
       [############################----] 2092/2371. 10ms
       [############################----] 2095/2371. 10ms
       [############################----] 2108/2371. 10ms
       [############################----] 2081/2371. 10ms
       [############################----] 2110/2371. 10ms
       [############################----] 2097/2371. 10ms
       [############################----] 2112/2371. 10ms
       [############################----] 2098/2371. 10ms
       [############################----] 2114/2371. 10ms
       [############################----] 2086/2371. 10ms
       [############################----] 2116/2371. 10ms
       [############################----] 2101/2371. 10ms
       [############################----] 2104/2371. 10ms
       [############################----] 2119/2371. 10ms
       [############################----] 2120/2371. 10ms
       [############################----] 2106/2371. 10ms
       [############################----] 2122/2371. 10ms
       [############################----] 2107/2371. 10ms
       [############################----] 2109/2371. 10ms
       [############################----] 2125/2371. 10ms
       [############################----] 2126/2371. 10ms
       [############################----] 2111/2371. 10ms
       [############################----] 2128/2371. 10ms
       [############################----] 2113/2371. 10ms
       [############################----] 2130/2371. 10ms
       [############################----] 2100/2371. 10ms
       [############################----] 2132/2371. 10ms
       [############################----] 2133/2371. 10ms
       [############################----] 2134/2371. 10ms
       [############################----] 2121/2371. 10ms
       [############################----] 2136/2371. 10ms
       [############################----] 2123/2371. 10ms
       [############################----] 2138/2371. 10ms
       [############################----] 2124/2371. 10ms
       [############################----] 2127/2371. 10ms
       [############################----] 2141/2371. 10ms
       [############################----] 2142/2371. 10ms
       [############################----] 2129/2371. 10ms
       [############################----] 2144/2371. 10ms
       [############################----] 2145/2371. 10ms
       [############################----] 2115/2371. 10ms
       [############################----] 2147/2371. 10ms
       [############################----] 2118/2371. 10ms
       [#############################---] 2149/2371. 10ms
       [############################----] 2137/2371. 10ms
       [#############################---] 2151/2371. 10ms
       [#############################---] 2152/2371. 10ms
       [############################----] 2139/2371. 10ms
       [#############################---] 2154/2371. 10ms
       [############################----] 2140/2371. 10ms
       [############################----] 2143/2371. 10ms
       [#############################---] 2157/2371. 10ms
       [############################----] 2131/2371. 10ms
       [#############################---] 2159/2371. 10ms
       [############################----] 2117/2371. 10ms
       [#############################---] 2161/2371. 10ms
       [#############################---] 2162/2371. 10ms
       [############################----] 2135/2371. 10ms
       [#############################---] 2153/2371. 10ms
       [#############################---] 2164/2371. 11ms
       [#############################---] 2155/2371. 10ms
       [#############################---] 2166/2371. 11ms
       [#############################---] 2167/2371. 11ms
       [#############################---] 2158/2371. 10ms
       [#############################---] 2170/2371. 11ms
       [############################----] 2146/2371. 10ms
       [#############################---] 2172/2371. 11ms
       [#############################---] 2173/2371. 11ms
       [############################----] 2148/2371. 10ms
       [#############################---] 2175/2371. 11ms
       [#############################---] 2165/2371. 11ms
       [#############################---] 2177/2371. 11ms
       [#############################---] 2156/2371. 10ms
       [#############################---] 2179/2371. 11ms
       [#############################---] 2168/2371. 11ms
       [#############################---] 2181/2371. 11ms
       [#############################---] 2169/2371. 11ms
       [#############################---] 2183/2371. 11ms
       [#############################---] 2160/2371. 10ms
       [#############################---] 2174/2371. 11ms
       [#############################---] 2163/2371. 10ms
       [#############################---] 2187/2371. 11ms
       [#############################---] 2150/2371. 10ms
       [#############################---] 2189/2371. 11ms
       [#############################---] 2176/2371. 11ms
       [#############################---] 2191/2371. 11ms
       [#############################---] 2180/2371. 11ms
       [#############################---] 2193/2371. 11ms
       [#############################---] 2171/2371. 11ms
       [#############################---] 2195/2371. 11ms
       [#############################---] 2182/2371. 11ms
       [#############################---] 2184/2371. 11ms
       [#############################---] 2198/2371. 11ms
       [#############################---] 2186/2371. 11ms
       [#############################---] 2200/2371. 11ms
       [#############################---] 2188/2371. 11ms
       [#############################---] 2178/2371. 11ms
       [#############################---] 2203/2371. 11ms
       [#############################---] 2204/2371. 11ms
       [#############################---] 2190/2371. 11ms
       [#############################---] 2206/2371. 11ms
       [#############################---] 2207/2371. 11ms
       [#############################---] 2194/2371. 11ms
       [#############################---] 2208/2371. 11ms
       [#############################---] 2210/2371. 11ms
       [#############################---] 2197/2371. 11ms
       [#############################---] 2212/2371. 11ms
       [#############################---] 2213/2371. 11ms
       [#############################---] 2201/2371. 11ms
       [#############################---] 2205/2371. 11ms
       [#############################---] 2216/2371. 11ms
       [#############################---] 2217/2371. 11ms
       [#############################---] 2192/2371. 11ms
       [#############################---] 2219/2371. 11ms
       [#############################---] 2196/2371. 11ms
       [#############################---] 2221/2371. 11ms
       [#############################---] 2209/2371. 11ms
       [##############################--] 2223/2371. 11ms
       [##############################--] 2224/2371. 11ms
       [#############################---] 2199/2371. 11ms
       [##############################--] 2226/2371. 11ms
       [#############################---] 2202/2371. 11ms
       [##############################--] 2228/2371. 11ms
       [#############################---] 2218/2371. 11ms
       [##############################--] 2230/2371. 11ms
       [##############################--] 2231/2371. 11ms
       [#############################---] 2220/2371. 11ms
       [##############################--] 2233/2371. 11ms
       [#############################---] 2222/2371. 11ms
       [##############################--] 2235/2371. 11ms
       [#############################---] 2211/2371. 11ms
       [##############################--] 2237/2371. 11ms
       [##############################--] 2225/2371. 11ms
       [##############################--] 2239/2371. 11ms
       [##############################--] 2240/2371. 11ms
       [##############################--] 2227/2371. 11ms
       [##############################--] 2242/2371. 11ms
       [##############################--] 2243/2371. 11ms
       [##############################--] 2229/2371. 11ms
       [##############################--] 2232/2371. 11ms
       [##############################--] 2246/2371. 11ms
       [##############################--] 2247/2371. 11ms
       [##############################--] 2234/2371. 11ms
       [##############################--] 2249/2371. 11ms
       [##############################--] 2250/2371. 11ms
       [##############################--] 2251/2371. 11ms
       [##############################--] 2238/2371. 11ms
       [##############################--] 2253/2371. 11ms
       [#############################---] 2214/2371. 11ms
       [##############################--] 2255/2371. 11ms
       [##############################--] 2256/2371. 11ms
       [##############################--] 2244/2371. 11ms
       [##############################--] 2258/2371. 11ms
       [##############################--] 2245/2371. 11ms
       [##############################--] 2260/2371. 11ms
       [##############################--] 2236/2371. 11ms
       [##############################--] 2262/2371. 11ms
       [##############################--] 2252/2371. 11ms
       [##############################--] 2264/2371. 11ms
       [##############################--] 2265/2371. 11ms
       [##############################--] 2241/2371. 11ms
       [##############################--] 2267/2371. 11ms
       [#############################---] 2215/2371. 11ms
       [##############################--] 2269/2371. 11ms
       [##############################--] 2257/2371. 11ms
       [##############################--] 2248/2371. 11ms
       [##############################--] 2272/2371. 11ms
       [##############################--] 2259/2371. 11ms
       [##############################--] 2274/2371. 11ms
       [##############################--] 2275/2371. 11ms
       [#############################---] 2185/2371. 11ms
       [##############################--] 2277/2371. 11ms
       [##############################--] 2278/2371. 11ms
       [##############################--] 2254/2371. 11ms
       [##############################--] 2280/2371. 11ms
       [##############################--] 2281/2371. 11ms
       [##############################--] 2270/2371. 11ms
       [##############################--] 2283/2371. 11ms
       [##############################--] 2273/2371. 11ms
       [##############################--] 2285/2371. 11ms
       [##############################--] 2286/2371. 11ms
       [##############################--] 2261/2371. 11ms
       [##############################--] 2288/2371. 11ms
       [##############################--] 2276/2371. 11ms
       [##############################--] 2290/2371. 11ms
       [##############################--] 2263/2371. 11ms
       [##############################--] 2279/2371. 11ms
       [##############################--] 2293/2371. 11ms
       [##############################--] 2266/2371. 11ms
       [##############################--] 2295/2371. 11ms
       [##############################--] 2282/2371. 11ms
       [###############################-] 2297/2371. 11ms
       [##############################--] 2271/2371. 11ms
       [###############################-] 2299/2371. 11ms
       [##############################--] 2287/2371. 11ms
       [###############################-] 2301/2371. 11ms
       [###############################-] 2302/2371. 11ms
       [##############################--] 2289/2371. 11ms
       [##############################--] 2291/2371. 11ms
       [##############################--] 2292/2371. 11ms
       [###############################-] 2306/2371. 11ms
       [###############################-] 2307/2371. 11ms
       [##############################--] 2268/2371. 11ms
       [###############################-] 2308/2371. 11ms
       [###############################-] 2309/2371. 11ms
       [###############################-] 2311/2371. 11ms
       [###############################-] 2298/2371. 11ms
       [###############################-] 2313/2371. 11ms
       [###############################-] 2314/2371. 11ms
       [###############################-] 2300/2371. 11ms
       [###############################-] 2303/2371. 11ms
       [###############################-] 2317/2371. 11ms
       [###############################-] 2318/2371. 11ms
       [###############################-] 2304/2371. 11ms
       [###############################-] 2320/2371. 11ms
       [###############################-] 2321/2371. 11ms
       [##############################--] 2294/2371. 11ms
       [###############################-] 2323/2371. 11ms
       [###############################-] 2310/2371. 11ms
       [###############################-] 2325/2371. 11ms
       [##############################--] 2284/2371. 11ms
       [###############################-] 2315/2371. 11ms
       [###############################-] 2328/2371. 11ms
       [###############################-] 2316/2371. 11ms
       [###############################-] 2330/2371. 11ms
       [###############################-] 2305/2371. 11ms
       [###############################-] 2332/2371. 11ms
       [##############################--] 2296/2371. 11ms
       [###############################-] 2334/2371. 11ms
       [###############################-] 2335/2371. 11ms
       [###############################-] 2312/2371. 11ms
       [###############################-] 2337/2371. 11ms
       [###############################-] 2338/2371. 11ms
       [###############################-] 2319/2371. 11ms
       [###############################-] 2340/2371. 11ms
       [###############################-] 2329/2371. 11ms
       [###############################-] 2331/2371. 11ms
       [###############################-] 2343/2371. 11ms
       [###############################-] 2322/2371. 11ms
       [###############################-] 2345/2371. 11ms
       [###############################-] 2333/2371. 11ms
       [###############################-] 2347/2371. 11ms
       [###############################-] 2324/2371. 11ms
       [###############################-] 2336/2371. 11ms
       [###############################-] 2350/2371. 11ms
       [###############################-] 2351/2371. 11ms
       [###############################-] 2352/2371. 12ms
       [###############################-] 2339/2371. 11ms
       [###############################-] 2341/2371. 11ms
       [###############################-] 2355/2371. 12ms
       [###############################-] 2342/2371. 11ms
       [###############################-] 2344/2371. 11ms
       [###############################-] 2358/2371. 12ms
       [###############################-] 2359/2371. 12ms
       [###############################-] 2348/2371. 11ms
       [###############################-] 2361/2371. 12ms
       [###############################-] 2326/2371. 11ms
       [###############################-] 2327/2371. 11ms
       [###############################-] 2353/2371. 12ms
       [###############################-] 2356/2371. 12ms
       [###############################-] 2366/2371. 12ms
       [###############################-] 2357/2371. 12ms
       [###############################-] 2368/2371. 12ms
       [###############################-] 2346/2371. 11ms
       [###############################-] 2349/2371. 11ms
       [################################] 2371/2371. 12ms
       [###############################-] 2363/2371. 12ms
       [###############################-] 2364/2371. 12ms
       [###############################-] 2354/2371. 12ms
       [###############################-] 2365/2371. 12ms
       [###############################-] 2367/2371. 12ms
       [###############################-] 2369/2371. 12ms
       [###############################-] 2360/2371. 12ms
       [###############################-] 2370/2371. 12ms
       [###############################-] 2362/2371. 12ms
       [################################] 2371/2371. Finished in 12ms
[info] Baseline run (threads: 1)

       [################################] 1/1. Finished in 44ms
[info] Running mutants (threads: 10)

       [--------------------------------] 1/2371. 42ms
       [--------------------------------] 2/2371. 43ms
       [--------------------------------] 3/2371. 43ms
       [--------------------------------] 4/2371. 44ms
       [--------------------------------] 5/2371. 44ms
       [--------------------------------] 6/2371. 57ms
       [--------------------------------] 7/2371. 72ms
       [--------------------------------] 8/2371. 90ms
       [--------------------------------] 9/2371. 91ms
       [--------------------------------] 10/2371. 91ms
       [--------------------------------] 11/2371. 92ms
       [--------------------------------] 12/2371. 96ms
       [--------------------------------] 13/2371. 98ms
       [--------------------------------] 14/2371. 100ms
       [--------------------------------] 15/2371. 104ms
       [--------------------------------] 16/2371. 107ms
       [--------------------------------] 17/2371. 138ms
       [--------------------------------] 18/2371. 139ms
       [--------------------------------] 19/2371. 139ms
       [--------------------------------] 20/2371. 149ms
       [--------------------------------] 21/2371. 152ms
       [--------------------------------] 22/2371. 158ms
       [--------------------------------] 23/2371. 165ms
       [--------------------------------] 24/2371. 187ms
       [--------------------------------] 25/2371. 188ms
       [--------------------------------] 26/2371. 195ms
       [--------------------------------] 27/2371. 196ms
       [--------------------------------] 28/2371. 206ms
       [--------------------------------] 29/2371. 207ms
       [--------------------------------] 30/2371. 207ms
       [--------------------------------] 31/2371. 212ms
       [--------------------------------] 32/2371. 217ms
       [--------------------------------] 33/2371. 244ms
       [--------------------------------] 34/2371. 246ms
       [--------------------------------] 35/2371. 246ms
       [--------------------------------] 36/2371. 256ms
       [--------------------------------] 37/2371. 257ms
       [--------------------------------] 38/2371. 266ms
       [--------------------------------] 39/2371. 272ms
       [--------------------------------] 40/2371. 294ms
       [--------------------------------] 41/2371. 295ms
       [--------------------------------] 42/2371. 296ms
       [--------------------------------] 43/2371. 302ms
       [--------------------------------] 44/2371. 306ms
       [--------------------------------] 45/2371. 311ms
       [--------------------------------] 46/2371. 315ms
       [--------------------------------] 47/2371. 322ms
       [--------------------------------] 48/2371. 334ms
       [--------------------------------] 49/2371. 338ms
       [--------------------------------] 50/2371. 346ms
       [--------------------------------] 51/2371. 350ms
       [--------------------------------] 52/2371. 351ms
       [--------------------------------] 53/2371. 358ms
       [--------------------------------] 54/2371. 360ms
       [--------------------------------] 55/2371. 397ms
       [--------------------------------] 56/2371. 402ms
       [--------------------------------] 57/2371. 404ms
       [--------------------------------] 58/2371. 407ms
       [--------------------------------] 59/2371. 408ms
       [--------------------------------] 60/2371. 411ms
       [--------------------------------] 61/2371. 412ms
       [--------------------------------] 62/2371. 413ms
       [--------------------------------] 63/2371. 418ms
       [--------------------------------] 64/2371. 452ms
       [--------------------------------] 65/2371. 455ms
       [--------------------------------] 66/2371. 460ms
       [--------------------------------] 67/2371. 461ms
       [--------------------------------] 68/2371. 466ms
       [--------------------------------] 69/2371. 468ms
       [--------------------------------] 70/2371. 486ms
       [--------------------------------] 71/2371. 506ms
       [--------------------------------] 72/2371. 506ms
       [--------------------------------] 73/2371. 512ms
       [--------------------------------] 74/2371. 514ms
       [#-------------------------------] 75/2371. 515ms
       [#-------------------------------] 76/2371. 516ms
       [#-------------------------------] 77/2371. 517ms
       [#-------------------------------] 78/2371. 518ms
       [#-------------------------------] 79/2371. 539ms
       [#-------------------------------] 80/2371. 560ms
       [#-------------------------------] 81/2371. 565ms
       [#-------------------------------] 82/2371. 566ms
       [#-------------------------------] 83/2371. 582ms
       [#-------------------------------] 84/2371. 592ms
       [#-------------------------------] 85/2371. 600ms
       [#-------------------------------] 86/2371. 610ms
       [#-------------------------------] 87/2371. 614ms
       [#-------------------------------] 88/2371. 614ms
       [#-------------------------------] 89/2371. 632ms
       [#-------------------------------] 90/2371. 646ms
       [#-------------------------------] 91/2371. 651ms
       [#-------------------------------] 92/2371. 660ms
       [#-------------------------------] 93/2371. 665ms
       [#-------------------------------] 94/2371. 677ms
       [#-------------------------------] 95/2371. 683ms
       [#-------------------------------] 96/2371. 689ms
       [#-------------------------------] 97/2371. 698ms
       [#-------------------------------] 98/2371. 700ms
       [#-------------------------------] 99/2371. 700ms
       [#-------------------------------] 100/2371. 709ms
       [#-------------------------------] 101/2371. 713ms
       [#-------------------------------] 102/2371. 733ms
       [#-------------------------------] 103/2371. 741ms
       [#-------------------------------] 104/2371. 749ms
       [#-------------------------------] 105/2371. 754ms
       [#-------------------------------] 106/2371. 764ms
       [#-------------------------------] 107/2371. 771ms
       [#-------------------------------] 108/2371. 792ms
       [#-------------------------------] 109/2371. 800ms
       [#-------------------------------] 110/2371. 802ms
       [#-------------------------------] 111/2371. 804ms
       [#-------------------------------] 112/2371. 810ms
       [#-------------------------------] 113/2371. 811ms
       [#-------------------------------] 114/2371. 814ms
       [#-------------------------------] 115/2371. 823ms
       [#-------------------------------] 116/2371. 841ms
       [#-------------------------------] 117/2371. 843ms
       [#-------------------------------] 118/2371. 851ms
       [#-------------------------------] 119/2371. 854ms
       [#-------------------------------] 120/2371. 860ms
       [#-------------------------------] 121/2371. 867ms
       [#-------------------------------] 122/2371. 871ms
       [#-------------------------------] 123/2371. 884ms
       [#-------------------------------] 124/2371. 892ms
       [#-------------------------------] 125/2371. 894ms
       [#-------------------------------] 126/2371. 905ms
       [#-------------------------------] 127/2371. 910ms
       [#-------------------------------] 128/2371. 915ms
       [#-------------------------------] 129/2371. 916ms
       [#-------------------------------] 130/2371. 917ms
       [#-------------------------------] 131/2371. 935ms
       [#-------------------------------] 132/2371. 938ms
       [#-------------------------------] 133/2371. 942ms
       [#-------------------------------] 134/2371. 954ms
       [#-------------------------------] 135/2371. 954ms
       [#-------------------------------] 136/2371. 967ms
       [#-------------------------------] 137/2371. 967ms
       [#-------------------------------] 138/2371. 970ms
       [#-------------------------------] 139/2371. 976ms
       [#-------------------------------] 140/2371. 989ms
       [#-------------------------------] 141/2371. 1.00s
       [#-------------------------------] 142/2371. 1.02s
       [#-------------------------------] 143/2371. 1.02s
       [#-------------------------------] 144/2371. 1.02s
       [#-------------------------------] 145/2371. 1.02s
       [#-------------------------------] 146/2371. 1.04s
       [#-------------------------------] 147/2371. 1.05s
       [#-------------------------------] 148/2371. 1.05s
       [##------------------------------] 149/2371. 1.05s
       [##------------------------------] 150/2371. 1.05s
       [##------------------------------] 151/2371. 1.07s
       [##------------------------------] 152/2371. 1.09s
       [##------------------------------] 153/2371. 1.10s
       [##------------------------------] 154/2371. 1.10s
       [##------------------------------] 155/2371. 1.10s
       [##------------------------------] 156/2371. 1.10s
       [##------------------------------] 157/2371. 1.12s
       [##------------------------------] 158/2371. 1.12s
       [##------------------------------] 159/2371. 1.12s
       [##------------------------------] 160/2371. 1.12s
       [##------------------------------] 161/2371. 1.13s
       [##------------------------------] 162/2371. 1.14s
       [##------------------------------] 163/2371. 1.15s
       [##------------------------------] 164/2371. 1.15s
       [##------------------------------] 165/2371. 1.15s
       [##------------------------------] 166/2371. 1.17s
       [##------------------------------] 167/2371. 1.17s
       [##------------------------------] 168/2371. 1.18s
       [##------------------------------] 169/2371. 1.19s
       [##------------------------------] 170/2371. 1.20s
       [##------------------------------] 171/2371. 1.20s
       [##------------------------------] 172/2371. 1.20s
       [##------------------------------] 173/2371. 1.22s
       [##------------------------------] 174/2371. 1.22s
       [##------------------------------] 175/2371. 1.22s
       [##------------------------------] 176/2371. 1.23s
       [##------------------------------] 177/2371. 1.23s
       [##------------------------------] 178/2371. 1.23s
       [##------------------------------] 179/2371. 1.24s
       [##------------------------------] 180/2371. 1.25s
       [##------------------------------] 181/2371. 1.26s
       [##------------------------------] 182/2371. 1.27s
       [##------------------------------] 183/2371. 1.27s
       [##------------------------------] 184/2371. 1.28s
       [##------------------------------] 185/2371. 1.30s
       [##------------------------------] 186/2371. 1.31s
       [##------------------------------] 187/2371. 1.31s
       [##------------------------------] 188/2371. 1.31s
       [##------------------------------] 189/2371. 1.32s
       [##------------------------------] 190/2371. 1.32s
       [##------------------------------] 191/2371. 1.33s
       [##------------------------------] 192/2371. 1.33s
       [##------------------------------] 193/2371. 1.35s
       [##------------------------------] 194/2371. 1.35s
       [##------------------------------] 195/2371. 1.36s
       [##------------------------------] 196/2371. 1.36s
       [##------------------------------] 197/2371. 1.39s
       [##------------------------------] 198/2371. 1.40s
       [##------------------------------] 199/2371. 1.40s
       [##------------------------------] 200/2371. 1.41s
       [##------------------------------] 201/2371. 1.41s
       [##------------------------------] 202/2371. 1.41s
       [##------------------------------] 203/2371. 1.41s
       [##------------------------------] 204/2371. 1.42s
       [##------------------------------] 205/2371. 1.43s
       [##------------------------------] 206/2371. 1.44s
       [##------------------------------] 207/2371. 1.45s
       [##------------------------------] 208/2371. 1.45s
       [##------------------------------] 209/2371. 1.46s
       [##------------------------------] 210/2371. 1.47s
       [##------------------------------] 211/2371. 1.49s
       [##------------------------------] 212/2371. 1.49s
       [##------------------------------] 213/2371. 1.49s
       [##------------------------------] 214/2371. 1.50s
       [##------------------------------] 215/2371. 1.50s
       [##------------------------------] 216/2371. 1.50s
       [##------------------------------] 217/2371. 1.51s
       [##------------------------------] 218/2371. 1.51s
       [##------------------------------] 219/2371. 1.54s
       [##------------------------------] 220/2371. 1.55s
       [##------------------------------] 221/2371. 1.55s
       [##------------------------------] 222/2371. 1.55s
       [###-----------------------------] 223/2371. 1.55s
       [###-----------------------------] 224/2371. 1.55s
       [###-----------------------------] 225/2371. 1.56s
       [###-----------------------------] 226/2371. 1.58s
       [###-----------------------------] 227/2371. 1.59s
       [###-----------------------------] 228/2371. 1.60s
       [###-----------------------------] 229/2371. 1.60s
       [###-----------------------------] 230/2371. 1.61s
       [###-----------------------------] 231/2371. 1.61s
       [###-----------------------------] 232/2371. 1.63s
       [###-----------------------------] 233/2371. 1.63s
       [###-----------------------------] 234/2371. 1.64s
       [###-----------------------------] 235/2371. 1.66s
       [###-----------------------------] 236/2371. 1.66s
       [###-----------------------------] 237/2371. 1.66s
       [###-----------------------------] 238/2371. 1.66s
       [###-----------------------------] 239/2371. 1.68s
       [###-----------------------------] 240/2371. 1.69s
       [###-----------------------------] 241/2371. 1.69s
       [###-----------------------------] 242/2371. 1.70s
       [###-----------------------------] 243/2371. 1.70s
       [###-----------------------------] 244/2371. 1.71s
       [###-----------------------------] 245/2371. 1.71s
       [###-----------------------------] 246/2371. 1.73s
       [###-----------------------------] 247/2371. 1.73s
       [###-----------------------------] 248/2371. 1.73s
       [###-----------------------------] 249/2371. 1.74s
       [###-----------------------------] 250/2371. 1.75s
       [###-----------------------------] 251/2371. 1.75s
       [###-----------------------------] 252/2371. 1.76s
       [###-----------------------------] 253/2371. 1.76s
       [###-----------------------------] 254/2371. 1.76s
       [###-----------------------------] 255/2371. 1.79s
       [###-----------------------------] 256/2371. 1.80s
       [###-----------------------------] 257/2371. 1.81s
       [###-----------------------------] 258/2371. 1.81s
       [###-----------------------------] 259/2371. 1.81s
       [###-----------------------------] 260/2371. 1.82s
       [###-----------------------------] 261/2371. 1.83s
       [###-----------------------------] 262/2371. 1.84s
       [###-----------------------------] 263/2371. 1.84s
       [###-----------------------------] 264/2371. 1.86s
       [###-----------------------------] 265/2371. 1.86s
       [###-----------------------------] 266/2371. 1.86s
       [###-----------------------------] 267/2371. 1.86s
       [###-----------------------------] 268/2371. 1.88s
       [###-----------------------------] 269/2371. 1.90s
       [###-----------------------------] 270/2371. 1.90s
       [###-----------------------------] 271/2371. 1.91s
       [###-----------------------------] 272/2371. 1.91s
       [###-----------------------------] 273/2371. 1.92s
       [###-----------------------------] 274/2371. 1.93s
       [###-----------------------------] 275/2371. 1.93s
       [###-----------------------------] 276/2371. 1.94s
       [###-----------------------------] 277/2371. 1.95s
       [###-----------------------------] 278/2371. 1.96s
       [###-----------------------------] 279/2371. 1.97s
       [###-----------------------------] 280/2371. 1.97s
       [###-----------------------------] 281/2371. 1.97s
       [###-----------------------------] 282/2371. 1.97s
       [###-----------------------------] 283/2371. 2.00s
       [###-----------------------------] 284/2371. 2.01s
       [###-----------------------------] 285/2371. 2.02s
       [###-----------------------------] 286/2371. 2.02s
       [###-----------------------------] 287/2371. 2.02s
       [###-----------------------------] 288/2371. 2.03s
       [###-----------------------------] 289/2371. 2.03s
       [###-----------------------------] 290/2371. 2.04s
       [###-----------------------------] 291/2371. 2.05s
       [###-----------------------------] 292/2371. 2.06s
       [###-----------------------------] 293/2371. 2.07s
       [###-----------------------------] 294/2371. 2.07s
       [###-----------------------------] 295/2371. 2.08s
       [###-----------------------------] 296/2371. 2.09s
       [####----------------------------] 297/2371. 2.10s
       [####----------------------------] 298/2371. 2.12s
       [####----------------------------] 299/2371. 2.12s
       [####----------------------------] 300/2371. 2.13s
       [####----------------------------] 301/2371. 2.13s
       [####----------------------------] 302/2371. 2.13s
       [####----------------------------] 303/2371. 2.14s
       [####----------------------------] 304/2371. 2.15s
       [####----------------------------] 305/2371. 2.15s
       [####----------------------------] 306/2371. 2.17s
       [####----------------------------] 307/2371. 2.18s
       [####----------------------------] 308/2371. 2.18s
       [####----------------------------] 309/2371. 2.18s
       [####----------------------------] 310/2371. 2.19s
       [####----------------------------] 311/2371. 2.21s
       [####----------------------------] 312/2371. 2.21s
       [####----------------------------] 313/2371. 2.23s
       [####----------------------------] 314/2371. 2.23s
       [####----------------------------] 315/2371. 2.24s
       [####----------------------------] 316/2371. 2.24s
       [####----------------------------] 317/2371. 2.25s
       [####----------------------------] 318/2371. 2.25s
       [####----------------------------] 319/2371. 2.27s
       [####----------------------------] 320/2371. 2.28s
       [####----------------------------] 321/2371. 2.29s
       [####----------------------------] 322/2371. 2.29s
       [####----------------------------] 323/2371. 2.30s
       [####----------------------------] 324/2371. 2.31s
       [####----------------------------] 325/2371. 2.31s
       [####----------------------------] 326/2371. 2.35s
       [####----------------------------] 327/2371. 2.35s
       [####----------------------------] 328/2371. 2.35s
       [####----------------------------] 329/2371. 2.37s
       [####----------------------------] 330/2371. 2.37s
       [####----------------------------] 331/2371. 2.37s
       [####----------------------------] 332/2371. 2.39s
       [####----------------------------] 333/2371. 2.40s
       [####----------------------------] 334/2371. 2.41s
       [####----------------------------] 335/2371. 2.42s
       [####----------------------------] 336/2371. 2.43s
       [####----------------------------] 337/2371. 2.44s
       [####----------------------------] 338/2371. 2.46s
       [####----------------------------] 339/2371. 2.46s
       [####----------------------------] 340/2371. 2.47s
       [####----------------------------] 341/2371. 2.47s
       [####----------------------------] 342/2371. 2.48s
       [####----------------------------] 343/2371. 2.48s
       [####----------------------------] 344/2371. 2.48s
       [####----------------------------] 345/2371. 2.50s
       [####----------------------------] 346/2371. 2.52s
       [####----------------------------] 347/2371. 2.54s
       [####----------------------------] 348/2371. 2.54s
       [####----------------------------] 349/2371. 2.54s
       [####----------------------------] 350/2371. 2.54s
       [####----------------------------] 351/2371. 2.55s
       [####----------------------------] 352/2371. 2.56s
       [####----------------------------] 353/2371. 2.57s
       [####----------------------------] 354/2371. 2.58s
       [####----------------------------] 355/2371. 2.58s
       [####----------------------------] 356/2371. 2.60s
       [####----------------------------] 357/2371. 2.61s
       [####----------------------------] 358/2371. 2.62s
       [####----------------------------] 359/2371. 2.62s
       [####----------------------------] 360/2371. 2.63s
       [####----------------------------] 361/2371. 2.65s
       [####----------------------------] 362/2371. 2.68s
       [####----------------------------] 363/2371. 2.68s
       [####----------------------------] 364/2371. 2.69s
       [####----------------------------] 365/2371. 2.69s
       [####----------------------------] 366/2371. 2.70s
       [####----------------------------] 367/2371. 2.70s
       [####----------------------------] 368/2371. 2.73s
       [####----------------------------] 369/2371. 2.73s
       [####----------------------------] 370/2371. 2.74s
       [#####---------------------------] 371/2371. 2.75s
       [#####---------------------------] 372/2371. 2.75s
       [#####---------------------------] 373/2371. 2.79s
       [#####---------------------------] 374/2371. 2.80s
       [#####---------------------------] 375/2371. 2.80s
       [#####---------------------------] 376/2371. 2.80s
       [#####---------------------------] 377/2371. 2.81s
       [#####---------------------------] 378/2371. 2.81s
       [#####---------------------------] 379/2371. 2.82s
       [#####---------------------------] 380/2371. 2.82s
       [#####---------------------------] 381/2371. 2.84s
       [#####---------------------------] 382/2371. 2.85s
       [#####---------------------------] 383/2371. 2.87s
       [#####---------------------------] 384/2371. 2.87s
       [#####---------------------------] 385/2371. 2.88s
       [#####---------------------------] 386/2371. 2.91s
       [#####---------------------------] 387/2371. 2.92s
       [#####---------------------------] 388/2371. 2.92s
       [#####---------------------------] 389/2371. 2.92s
       [#####---------------------------] 390/2371. 2.93s
       [#####---------------------------] 391/2371. 2.93s
       [#####---------------------------] 392/2371. 2.94s
       [#####---------------------------] 393/2371. 2.97s
       [#####---------------------------] 394/2371. 2.97s
       [#####---------------------------] 395/2371. 2.98s
       [#####---------------------------] 396/2371. 2.99s
       [#####---------------------------] 397/2371. 2.99s
       [#####---------------------------] 398/2371. 3.00s
       [#####---------------------------] 399/2371. 3.01s
       [#####---------------------------] 400/2371. 3.02s
       [#####---------------------------] 401/2371. 3.03s
       [#####---------------------------] 402/2371. 3.04s
       [#####---------------------------] 403/2371. 3.05s
       [#####---------------------------] 404/2371. 3.05s
       [#####---------------------------] 405/2371. 3.05s
       [#####---------------------------] 406/2371. 3.06s
       [#####---------------------------] 407/2371. 3.08s
       [#####---------------------------] 408/2371. 3.08s
       [#####---------------------------] 409/2371. 3.11s
       [#####---------------------------] 410/2371. 3.11s
       [#####---------------------------] 411/2371. 3.11s
       [#####---------------------------] 412/2371. 3.12s
       [#####---------------------------] 413/2371. 3.13s
       [#####---------------------------] 414/2371. 3.14s
       [#####---------------------------] 415/2371. 3.14s
       [#####---------------------------] 416/2371. 3.17s
       [#####---------------------------] 417/2371. 3.17s
       [#####---------------------------] 418/2371. 3.17s
       [#####---------------------------] 419/2371. 3.18s
       [#####---------------------------] 420/2371. 3.18s
       [#####---------------------------] 421/2371. 3.18s
       [#####---------------------------] 422/2371. 3.18s
       [#####---------------------------] 423/2371. 3.20s
       [#####---------------------------] 424/2371. 3.21s
       [#####---------------------------] 425/2371. 3.23s
       [#####---------------------------] 426/2371. 3.23s
       [#####---------------------------] 427/2371. 3.24s
       [#####---------------------------] 428/2371. 3.26s
       [#####---------------------------] 429/2371. 3.27s
       [#####---------------------------] 430/2371. 3.29s
       [#####---------------------------] 431/2371. 3.29s
       [#####---------------------------] 432/2371. 3.29s
       [#####---------------------------] 433/2371. 3.31s
       [#####---------------------------] 434/2371. 3.31s
       [#####---------------------------] 435/2371. 3.31s
       [#####---------------------------] 436/2371. 3.32s
       [#####---------------------------] 437/2371. 3.34s
       [#####---------------------------] 438/2371. 3.35s
       [#####---------------------------] 439/2371. 3.35s
       [#####---------------------------] 440/2371. 3.37s
       [#####---------------------------] 441/2371. 3.37s
       [#####---------------------------] 442/2371. 3.40s
       [#####---------------------------] 443/2371. 3.40s
       [#####---------------------------] 444/2371. 3.40s
       [######--------------------------] 445/2371. 3.40s
       [######--------------------------] 446/2371. 3.41s
       [######--------------------------] 447/2371. 3.42s
       [######--------------------------] 448/2371. 3.43s
       [######--------------------------] 449/2371. 3.43s
       [######--------------------------] 450/2371. 3.45s
       [######--------------------------] 451/2371. 3.46s
       [######--------------------------] 452/2371. 3.46s
       [######--------------------------] 453/2371. 3.46s
       [######--------------------------] 454/2371. 3.47s
       [######--------------------------] 455/2371. 3.47s
       [######--------------------------] 456/2371. 3.49s
       [######--------------------------] 457/2371. 3.52s
       [######--------------------------] 458/2371. 3.52s
       [######--------------------------] 459/2371. 3.53s
       [######--------------------------] 460/2371. 3.53s
       [######--------------------------] 461/2371. 3.53s
       [######--------------------------] 462/2371. 3.54s
       [######--------------------------] 463/2371. 3.55s
       [######--------------------------] 464/2371. 3.56s
       [######--------------------------] 465/2371. 3.57s
       [######--------------------------] 466/2371. 3.58s
       [######--------------------------] 467/2371. 3.59s
       [######--------------------------] 468/2371. 3.59s
       [######--------------------------] 469/2371. 3.60s
       [######--------------------------] 470/2371. 3.60s
       [######--------------------------] 471/2371. 3.62s
       [######--------------------------] 472/2371. 3.63s
       [######--------------------------] 473/2371. 3.65s
       [######--------------------------] 474/2371. 3.65s
       [######--------------------------] 475/2371. 3.66s
       [######--------------------------] 476/2371. 3.66s
       [######--------------------------] 477/2371. 3.66s
       [######--------------------------] 478/2371. 3.68s
       [######--------------------------] 479/2371. 3.68s
       [######--------------------------] 480/2371. 3.69s
       [######--------------------------] 481/2371. 3.69s
       [######--------------------------] 482/2371. 3.69s
       [######--------------------------] 483/2371. 3.72s
       [######--------------------------] 484/2371. 3.72s
       [######--------------------------] 485/2371. 3.74s
       [######--------------------------] 486/2371. 3.74s
       [######--------------------------] 487/2371. 3.75s
       [######--------------------------] 488/2371. 3.75s
       [######--------------------------] 489/2371. 3.77s
       [######--------------------------] 490/2371. 3.78s
       [######--------------------------] 491/2371. 3.78s
       [######--------------------------] 492/2371. 3.79s
       [######--------------------------] 493/2371. 3.80s
       [######--------------------------] 494/2371. 3.80s
       [######--------------------------] 495/2371. 3.82s
       [######--------------------------] 496/2371. 3.83s
       [######--------------------------] 497/2371. 3.84s
       [######--------------------------] 498/2371. 3.85s
       [######--------------------------] 499/2371. 3.85s
       [######--------------------------] 500/2371. 3.86s
       [######--------------------------] 501/2371. 3.86s
       [######--------------------------] 502/2371. 3.86s
       [######--------------------------] 503/2371. 3.86s
       [######--------------------------] 504/2371. 3.88s
       [######--------------------------] 505/2371. 3.90s
       [######--------------------------] 506/2371. 3.91s
       [######--------------------------] 507/2371. 3.92s
       [######--------------------------] 508/2371. 3.92s
       [######--------------------------] 509/2371. 3.93s
       [######--------------------------] 510/2371. 3.93s
       [######--------------------------] 511/2371. 3.96s
       [######--------------------------] 512/2371. 3.97s
       [######--------------------------] 513/2371. 3.97s
       [######--------------------------] 514/2371. 3.98s
       [######--------------------------] 515/2371. 3.98s
       [######--------------------------] 516/2371. 3.99s
       [######--------------------------] 517/2371. 4.01s
       [######--------------------------] 518/2371. 4.01s
       [#######-------------------------] 519/2371. 4.02s
       [#######-------------------------] 520/2371. 4.03s
       [#######-------------------------] 521/2371. 4.03s
       [#######-------------------------] 522/2371. 4.03s
       [#######-------------------------] 523/2371. 4.05s
       [#######-------------------------] 524/2371. 4.05s
       [#######-------------------------] 525/2371. 4.07s
       [#######-------------------------] 526/2371. 4.07s
       [#######-------------------------] 527/2371. 4.07s
       [#######-------------------------] 528/2371. 4.10s
       [#######-------------------------] 529/2371. 4.12s
       [#######-------------------------] 530/2371. 4.12s
       [#######-------------------------] 531/2371. 4.13s
       [#######-------------------------] 532/2371. 4.13s
       [#######-------------------------] 533/2371. 4.13s
       [#######-------------------------] 534/2371. 4.16s
       [#######-------------------------] 535/2371. 4.16s
       [#######-------------------------] 536/2371. 4.17s
       [#######-------------------------] 537/2371. 4.17s
       [#######-------------------------] 538/2371. 4.17s
       [#######-------------------------] 539/2371. 4.18s
       [#######-------------------------] 540/2371. 4.18s
       [#######-------------------------] 541/2371. 4.19s
       [#######-------------------------] 542/2371. 4.19s
       [#######-------------------------] 543/2371. 4.20s
       [#######-------------------------] 544/2371. 4.22s
       [#######-------------------------] 545/2371. 4.23s
       [#######-------------------------] 546/2371. 4.23s
       [#######-------------------------] 547/2371. 4.25s
       [#######-------------------------] 548/2371. 4.26s
       [#######-------------------------] 549/2371. 4.27s
       [#######-------------------------] 550/2371. 4.28s
       [#######-------------------------] 551/2371. 4.29s
       [#######-------------------------] 552/2371. 4.29s
       [#######-------------------------] 553/2371. 4.30s
       [#######-------------------------] 554/2371. 4.30s
       [#######-------------------------] 555/2371. 4.30s
       [#######-------------------------] 556/2371. 4.32s
       [#######-------------------------] 557/2371. 4.34s
       [#######-------------------------] 558/2371. 4.34s
       [#######-------------------------] 559/2371. 4.35s
       [#######-------------------------] 560/2371. 4.35s
       [#######-------------------------] 561/2371. 4.37s
       [#######-------------------------] 562/2371. 4.37s
       [#######-------------------------] 563/2371. 4.38s
       [#######-------------------------] 564/2371. 4.39s
       [#######-------------------------] 565/2371. 4.40s
       [#######-------------------------] 566/2371. 4.40s
       [#######-------------------------] 567/2371. 4.41s
       [#######-------------------------] 568/2371. 4.43s
       [#######-------------------------] 569/2371. 4.43s
       [#######-------------------------] 570/2371. 4.44s
       [#######-------------------------] 571/2371. 4.44s
       [#######-------------------------] 572/2371. 4.45s
       [#######-------------------------] 573/2371. 4.47s
       [#######-------------------------] 574/2371. 4.48s
       [#######-------------------------] 575/2371. 4.49s
       [#######-------------------------] 576/2371. 4.49s
       [#######-------------------------] 577/2371. 4.49s
       [#######-------------------------] 578/2371. 4.50s
       [#######-------------------------] 579/2371. 4.50s
       [#######-------------------------] 580/2371. 4.51s
       [#######-------------------------] 581/2371. 4.54s
       [#######-------------------------] 582/2371. 4.54s
       [#######-------------------------] 583/2371. 4.55s
       [#######-------------------------] 584/2371. 4.55s
       [#######-------------------------] 585/2371. 4.55s
       [#######-------------------------] 586/2371. 4.57s
       [#######-------------------------] 587/2371. 4.58s
       [#######-------------------------] 588/2371. 4.60s
       [#######-------------------------] 589/2371. 4.61s
       [#######-------------------------] 590/2371. 4.63s
       [#######-------------------------] 591/2371. 4.63s
       [#######-------------------------] 592/2371. 4.63s
       [########------------------------] 593/2371. 4.64s
       [########------------------------] 594/2371. 4.64s
       [########------------------------] 595/2371. 4.67s
       [########------------------------] 596/2371. 4.67s
       [########------------------------] 597/2371. 4.69s
       [########------------------------] 598/2371. 4.69s
       [########------------------------] 599/2371. 4.70s
       [########------------------------] 600/2371. 4.70s
       [########------------------------] 601/2371. 4.70s
       [########------------------------] 602/2371. 4.70s
       [########------------------------] 603/2371. 4.71s
       [########------------------------] 604/2371. 4.73s
       [########------------------------] 605/2371. 4.75s
       [########------------------------] 606/2371. 4.75s
       [########------------------------] 607/2371. 4.76s
       [########------------------------] 608/2371. 4.76s
       [########------------------------] 609/2371. 4.77s
       [########------------------------] 610/2371. 4.77s
       [########------------------------] 611/2371. 4.78s
       [########------------------------] 612/2371. 4.81s
       [########------------------------] 613/2371. 4.82s
       [########------------------------] 614/2371. 4.82s
       [########------------------------] 615/2371. 4.83s
       [########------------------------] 616/2371. 4.83s
       [########------------------------] 617/2371. 4.83s
       [########------------------------] 618/2371. 4.84s
       [########------------------------] 619/2371. 4.87s
       [########------------------------] 620/2371. 4.88s
       [########------------------------] 621/2371. 4.89s
       [########------------------------] 622/2371. 4.89s
       [########------------------------] 623/2371. 4.89s
       [########------------------------] 624/2371. 4.91s
       [########------------------------] 625/2371. 4.93s
       [########------------------------] 626/2371. 4.95s
       [########------------------------] 627/2371. 4.95s
       [########------------------------] 628/2371. 4.96s
       [########------------------------] 629/2371. 4.97s
       [########------------------------] 630/2371. 4.97s
       [########------------------------] 631/2371. 4.98s
       [########------------------------] 632/2371. 4.98s
       [########------------------------] 633/2371. 4.98s
       [########------------------------] 634/2371. 5.01s
       [########------------------------] 635/2371. 5.02s
       [########------------------------] 636/2371. 5.03s
       [########------------------------] 637/2371. 5.03s
       [########------------------------] 638/2371. 5.04s
       [########------------------------] 639/2371. 5.05s
       [########------------------------] 640/2371. 5.06s
       [########------------------------] 641/2371. 5.08s
       [########------------------------] 642/2371. 5.08s
       [########------------------------] 643/2371. 5.08s
       [########------------------------] 644/2371. 5.09s
       [########------------------------] 645/2371. 5.10s
       [########------------------------] 646/2371. 5.13s
       [########------------------------] 647/2371. 5.13s
       [########------------------------] 648/2371. 5.14s
       [########------------------------] 649/2371. 5.14s
       [########------------------------] 650/2371. 5.14s
       [########------------------------] 651/2371. 5.15s
       [########------------------------] 652/2371. 5.15s
       [########------------------------] 653/2371. 5.17s
       [########------------------------] 654/2371. 5.20s
       [########------------------------] 655/2371. 5.20s
       [########------------------------] 656/2371. 5.21s
       [########------------------------] 657/2371. 5.21s
       [########------------------------] 658/2371. 5.23s
       [########------------------------] 659/2371. 5.23s
       [########------------------------] 660/2371. 5.27s
       [########------------------------] 661/2371. 5.27s
       [########------------------------] 662/2371. 5.28s
       [########------------------------] 663/2371. 5.29s
       [########------------------------] 664/2371. 5.29s
       [########------------------------] 665/2371. 5.30s
       [########------------------------] 666/2371. 5.32s
       [#########-----------------------] 667/2371. 5.32s
       [#########-----------------------] 668/2371. 5.33s
       [#########-----------------------] 669/2371. 5.34s
       [#########-----------------------] 670/2371. 5.34s
       [#########-----------------------] 671/2371. 5.35s
       [#########-----------------------] 672/2371. 5.35s
       [#########-----------------------] 673/2371. 5.38s
       [#########-----------------------] 674/2371. 5.40s
       [#########-----------------------] 675/2371. 5.41s
       [#########-----------------------] 676/2371. 5.41s
       [#########-----------------------] 677/2371. 5.45s
       [#########-----------------------] 678/2371. 5.45s
       [#########-----------------------] 679/2371. 5.45s
       [#########-----------------------] 680/2371. 5.47s
       [#########-----------------------] 681/2371. 5.47s
       [#########-----------------------] 682/2371. 5.47s
       [#########-----------------------] 683/2371. 5.48s
       [#########-----------------------] 684/2371. 5.49s
       [#########-----------------------] 685/2371. 5.49s
       [#########-----------------------] 686/2371. 5.51s
       [#########-----------------------] 687/2371. 5.51s
       [#########-----------------------] 688/2371. 5.53s
       [#########-----------------------] 689/2371. 5.54s
       [#########-----------------------] 690/2371. 5.54s
       [#########-----------------------] 691/2371. 5.55s
       [#########-----------------------] 692/2371. 5.56s
       [#########-----------------------] 693/2371. 5.58s
       [#########-----------------------] 694/2371. 5.59s
       [#########-----------------------] 695/2371. 5.59s
       [#########-----------------------] 696/2371. 5.60s
       [#########-----------------------] 697/2371. 5.60s
       [#########-----------------------] 698/2371. 5.61s
       [#########-----------------------] 699/2371. 5.61s
       [#########-----------------------] 700/2371. 5.63s
       [#########-----------------------] 701/2371. 5.63s
       [#########-----------------------] 702/2371. 5.66s
       [#########-----------------------] 703/2371. 5.66s
       [#########-----------------------] 704/2371. 5.67s
       [#########-----------------------] 705/2371. 5.67s
       [#########-----------------------] 706/2371. 5.69s
       [#########-----------------------] 707/2371. 5.70s
       [#########-----------------------] 708/2371. 5.71s
       [#########-----------------------] 709/2371. 5.72s
       [#########-----------------------] 710/2371. 5.72s
       [#########-----------------------] 711/2371. 5.73s
       [#########-----------------------] 712/2371. 5.73s
       [#########-----------------------] 713/2371. 5.74s
       [#########-----------------------] 714/2371. 5.75s
       [#########-----------------------] 715/2371. 5.78s
       [#########-----------------------] 716/2371. 5.78s
       [#########-----------------------] 717/2371. 5.78s
       [#########-----------------------] 718/2371. 5.79s
       [#########-----------------------] 719/2371. 5.79s
       [#########-----------------------] 720/2371. 5.80s
       [#########-----------------------] 721/2371. 5.80s
       [#########-----------------------] 722/2371. 5.82s
       [#########-----------------------] 723/2371. 5.83s
       [#########-----------------------] 724/2371. 5.84s
       [#########-----------------------] 725/2371. 5.84s
       [#########-----------------------] 726/2371. 5.86s
       [#########-----------------------] 727/2371. 5.86s
       [#########-----------------------] 728/2371. 5.86s
       [#########-----------------------] 729/2371. 5.88s
       [#########-----------------------] 730/2371. 5.89s
       [#########-----------------------] 731/2371. 5.90s
       [#########-----------------------] 732/2371. 5.90s
       [#########-----------------------] 733/2371. 5.91s
       [#########-----------------------] 734/2371. 5.92s
       [#########-----------------------] 735/2371. 5.92s
       [#########-----------------------] 736/2371. 5.93s
       [#########-----------------------] 737/2371. 5.94s
       [#########-----------------------] 738/2371. 5.96s
       [#########-----------------------] 739/2371. 5.96s
       [#########-----------------------] 740/2371. 5.96s
       [##########----------------------] 741/2371. 5.96s
       [##########----------------------] 742/2371. 5.97s
       [##########----------------------] 743/2371. 5.99s
       [##########----------------------] 744/2371. 5.99s
       [##########----------------------] 745/2371. 6.00s
       [##########----------------------] 746/2371. 6.02s
       [##########----------------------] 747/2371. 6.02s
       [##########----------------------] 748/2371. 6.02s
       [##########----------------------] 749/2371. 6.04s
       [##########----------------------] 750/2371. 6.05s
       [##########----------------------] 751/2371. 6.06s
       [##########----------------------] 752/2371. 6.06s
       [##########----------------------] 753/2371. 6.07s
       [##########----------------------] 754/2371. 6.08s
       [##########----------------------] 755/2371. 6.08s
       [##########----------------------] 756/2371. 6.08s
       [##########----------------------] 757/2371. 6.08s
       [##########----------------------] 758/2371. 6.09s
       [##########----------------------] 759/2371. 6.12s
       [##########----------------------] 760/2371. 6.12s
       [##########----------------------] 761/2371. 6.12s
       [##########----------------------] 762/2371. 6.14s
       [##########----------------------] 763/2371. 6.17s
       [##########----------------------] 764/2371. 6.18s
       [##########----------------------] 765/2371. 6.18s
       [##########----------------------] 766/2371. 6.20s
       [##########----------------------] 767/2371. 6.20s
       [##########----------------------] 768/2371. 6.20s
       [##########----------------------] 769/2371. 6.20s
       [##########----------------------] 770/2371. 6.20s
       [##########----------------------] 771/2371. 6.21s
       [##########----------------------] 772/2371. 6.21s
       [##########----------------------] 773/2371. 6.23s
       [##########----------------------] 774/2371. 6.25s
       [##########----------------------] 775/2371. 6.25s
       [##########----------------------] 776/2371. 6.26s
       [##########----------------------] 777/2371. 6.29s
       [##########----------------------] 778/2371. 6.29s
       [##########----------------------] 779/2371. 6.30s
       [##########----------------------] 780/2371. 6.30s
       [##########----------------------] 781/2371. 6.31s
       [##########----------------------] 782/2371. 6.32s
       [##########----------------------] 783/2371. 6.34s
       [##########----------------------] 784/2371. 6.34s
       [##########----------------------] 785/2371. 6.34s
       [##########----------------------] 786/2371. 6.35s
       [##########----------------------] 787/2371. 6.36s
       [##########----------------------] 788/2371. 6.37s
       [##########----------------------] 789/2371. 6.38s
       [##########----------------------] 790/2371. 6.39s
       [##########----------------------] 791/2371. 6.40s
       [##########----------------------] 792/2371. 6.40s
       [##########----------------------] 793/2371. 6.42s
       [##########----------------------] 794/2371. 6.42s
       [##########----------------------] 795/2371. 6.43s
       [##########----------------------] 796/2371. 6.44s
       [##########----------------------] 797/2371. 6.44s
       [##########----------------------] 798/2371. 6.47s
       [##########----------------------] 799/2371. 6.47s
       [##########----------------------] 800/2371. 6.47s
       [##########----------------------] 801/2371. 6.47s
       [##########----------------------] 802/2371. 6.48s
       [##########----------------------] 803/2371. 6.50s
       [##########----------------------] 804/2371. 6.50s
       [##########----------------------] 805/2371. 6.53s
       [##########----------------------] 806/2371. 6.53s
       [##########----------------------] 807/2371. 6.53s
       [##########----------------------] 808/2371. 6.53s
       [##########----------------------] 809/2371. 6.54s
       [##########----------------------] 810/2371. 6.56s
       [##########----------------------] 811/2371. 6.57s
       [##########----------------------] 812/2371. 6.57s
       [##########----------------------] 813/2371. 6.58s
       [##########----------------------] 814/2371. 6.58s
       [##########----------------------] 815/2371. 6.61s
       [###########---------------------] 816/2371. 6.61s
       [###########---------------------] 817/2371. 6.62s
       [###########---------------------] 818/2371. 6.64s
       [###########---------------------] 819/2371. 6.65s
       [###########---------------------] 820/2371. 6.65s
       [###########---------------------] 821/2371. 6.67s
       [###########---------------------] 822/2371. 6.67s
       [###########---------------------] 823/2371. 6.67s
       [###########---------------------] 824/2371. 6.68s
       [###########---------------------] 825/2371. 6.69s
       [###########---------------------] 826/2371. 6.71s
       [###########---------------------] 827/2371. 6.71s
       [###########---------------------] 828/2371. 6.71s
       [###########---------------------] 829/2371. 6.73s
       [###########---------------------] 830/2371. 6.74s
       [###########---------------------] 831/2371. 6.74s
       [###########---------------------] 832/2371. 6.78s
       [###########---------------------] 833/2371. 6.78s
       [###########---------------------] 834/2371. 6.78s
       [###########---------------------] 835/2371. 6.80s
       [###########---------------------] 836/2371. 6.80s
       [###########---------------------] 837/2371. 6.80s
       [###########---------------------] 838/2371. 6.80s
       [###########---------------------] 839/2371. 6.81s
       [###########---------------------] 840/2371. 6.83s
       [###########---------------------] 841/2371. 6.84s
       [###########---------------------] 842/2371. 6.84s
       [###########---------------------] 843/2371. 6.84s
       [###########---------------------] 844/2371. 6.84s
       [###########---------------------] 845/2371. 6.86s
       [###########---------------------] 846/2371. 6.87s
       [###########---------------------] 847/2371. 6.88s
       [###########---------------------] 848/2371. 6.89s
       [###########---------------------] 849/2371. 6.89s
       [###########---------------------] 850/2371. 6.90s
       [###########---------------------] 851/2371. 6.92s
       [###########---------------------] 852/2371. 6.95s
       [###########---------------------] 853/2371. 6.95s
       [###########---------------------] 854/2371. 6.95s
       [###########---------------------] 855/2371. 6.95s
       [###########---------------------] 856/2371. 6.97s
       [###########---------------------] 857/2371. 6.97s
       [###########---------------------] 858/2371. 6.98s
       [###########---------------------] 859/2371. 7.01s
       [###########---------------------] 860/2371. 7.01s
       [###########---------------------] 861/2371. 7.01s
       [###########---------------------] 862/2371. 7.02s
       [###########---------------------] 863/2371. 7.04s
       [###########---------------------] 864/2371. 7.04s
       [###########---------------------] 865/2371. 7.05s
       [###########---------------------] 866/2371. 7.07s
       [###########---------------------] 867/2371. 7.08s
       [###########---------------------] 868/2371. 7.08s
       [###########---------------------] 869/2371. 7.09s
       [###########---------------------] 870/2371. 7.09s
       [###########---------------------] 871/2371. 7.10s
       [###########---------------------] 872/2371. 7.10s
       [###########---------------------] 873/2371. 7.10s
       [###########---------------------] 874/2371. 7.11s
       [###########---------------------] 875/2371. 7.12s
       [###########---------------------] 876/2371. 7.15s
       [###########---------------------] 877/2371. 7.15s
       [###########---------------------] 878/2371. 7.16s
       [###########---------------------] 879/2371. 7.17s
       [###########---------------------] 880/2371. 7.17s
       [###########---------------------] 881/2371. 7.19s
       [###########---------------------] 882/2371. 7.19s
       [###########---------------------] 883/2371. 7.22s
       [###########---------------------] 884/2371. 7.22s
       [###########---------------------] 885/2371. 7.22s
       [###########---------------------] 886/2371. 7.23s
       [###########---------------------] 887/2371. 7.23s
       [###########---------------------] 888/2371. 7.24s
       [###########---------------------] 889/2371. 7.27s
       [############--------------------] 890/2371. 7.27s
       [############--------------------] 891/2371. 7.28s
       [############--------------------] 892/2371. 7.29s
       [############--------------------] 893/2371. 7.30s
       [############--------------------] 894/2371. 7.30s
       [############--------------------] 895/2371. 7.32s
       [############--------------------] 896/2371. 7.33s
       [############--------------------] 897/2371. 7.35s
       [############--------------------] 898/2371. 7.36s
       [############--------------------] 899/2371. 7.37s
       [############--------------------] 900/2371. 7.37s
       [############--------------------] 901/2371. 7.39s
       [############--------------------] 902/2371. 7.39s
       [############--------------------] 903/2371. 7.42s
       [############--------------------] 904/2371. 7.42s
       [############--------------------] 905/2371. 7.44s
       [############--------------------] 906/2371. 7.44s
       [############--------------------] 907/2371. 7.45s
       [############--------------------] 908/2371. 7.47s
       [############--------------------] 909/2371. 7.48s
       [############--------------------] 910/2371. 7.49s
       [############--------------------] 911/2371. 7.51s
       [############--------------------] 912/2371. 7.51s
       [############--------------------] 913/2371. 7.51s
       [############--------------------] 914/2371. 7.52s
       [############--------------------] 915/2371. 7.53s
       [############--------------------] 916/2371. 7.54s
       [############--------------------] 917/2371. 7.54s
       [############--------------------] 918/2371. 7.56s
       [############--------------------] 919/2371. 7.57s
       [############--------------------] 920/2371. 7.57s
       [############--------------------] 921/2371. 7.59s
       [############--------------------] 922/2371. 7.59s
       [############--------------------] 923/2371. 7.61s
       [############--------------------] 924/2371. 7.63s
       [############--------------------] 925/2371. 7.63s
       [############--------------------] 926/2371. 7.63s
       [############--------------------] 927/2371. 7.64s
       [############--------------------] 928/2371. 7.65s
       [############--------------------] 929/2371. 7.66s
       [############--------------------] 930/2371. 7.67s
       [############--------------------] 931/2371. 7.70s
       [############--------------------] 932/2371. 7.70s
       [############--------------------] 933/2371. 7.70s
       [############--------------------] 934/2371. 7.71s
       [############--------------------] 935/2371. 7.72s
       [############--------------------] 936/2371. 7.74s
       [############--------------------] 937/2371. 7.76s
       [############--------------------] 938/2371. 7.77s
       [############--------------------] 939/2371. 7.77s
       [############--------------------] 940/2371. 7.79s
       [############--------------------] 941/2371. 7.80s
       [############--------------------] 942/2371. 7.82s
       [############--------------------] 943/2371. 7.83s
       [############--------------------] 944/2371. 7.83s
       [############--------------------] 945/2371. 7.83s
       [############--------------------] 946/2371. 7.86s
       [############--------------------] 947/2371. 7.86s
       [############--------------------] 948/2371. 7.88s
       [############--------------------] 949/2371. 7.88s
       [############--------------------] 950/2371. 7.89s
       [############--------------------] 951/2371. 7.89s
       [############--------------------] 952/2371. 7.89s
       [############--------------------] 953/2371. 7.93s
       [############--------------------] 954/2371. 7.94s
       [############--------------------] 955/2371. 7.94s
       [############--------------------] 956/2371. 7.94s
       [############--------------------] 957/2371. 7.95s
       [############--------------------] 958/2371. 7.95s
       [############--------------------] 959/2371. 7.96s
       [############--------------------] 960/2371. 7.96s
       [############--------------------] 961/2371. 8.00s
       [############--------------------] 962/2371. 8.00s
       [############--------------------] 963/2371. 8.01s
       [#############-------------------] 964/2371. 8.02s
       [#############-------------------] 965/2371. 8.02s
       [#############-------------------] 966/2371. 8.03s
       [#############-------------------] 967/2371. 8.04s
       [#############-------------------] 968/2371. 8.05s
       [#############-------------------] 969/2371. 8.06s
       [#############-------------------] 970/2371. 8.06s
       [#############-------------------] 971/2371. 8.08s
       [#############-------------------] 972/2371. 8.08s
       [#############-------------------] 973/2371. 8.08s
       [#############-------------------] 974/2371. 8.11s
       [#############-------------------] 975/2371. 8.12s
       [#############-------------------] 976/2371. 8.12s
       [#############-------------------] 977/2371. 8.13s
       [#############-------------------] 978/2371. 8.13s
       [#############-------------------] 979/2371. 8.14s
       [#############-------------------] 980/2371. 8.14s
       [#############-------------------] 981/2371. 8.14s
       [#############-------------------] 982/2371. 8.17s
       [#############-------------------] 983/2371. 8.18s
       [#############-------------------] 984/2371. 8.19s
       [#############-------------------] 985/2371. 8.20s
       [#############-------------------] 986/2371. 8.20s
       [#############-------------------] 987/2371. 8.21s
       [#############-------------------] 988/2371. 8.21s
       [#############-------------------] 989/2371. 8.24s
       [#############-------------------] 990/2371. 8.25s
       [#############-------------------] 991/2371. 8.25s
       [#############-------------------] 992/2371. 8.25s
       [#############-------------------] 993/2371. 8.26s
       [#############-------------------] 994/2371. 8.26s
       [#############-------------------] 995/2371. 8.27s
       [#############-------------------] 996/2371. 8.30s
       [#############-------------------] 997/2371. 8.31s
       [#############-------------------] 998/2371. 8.31s
       [#############-------------------] 999/2371. 8.32s
       [#############-------------------] 1000/2371. 8.32s
       [#############-------------------] 1001/2371. 8.33s
       [#############-------------------] 1002/2371. 8.35s
       [#############-------------------] 1003/2371. 8.35s
       [#############-------------------] 1004/2371. 8.36s
       [#############-------------------] 1005/2371. 8.37s
       [#############-------------------] 1006/2371. 8.38s
       [#############-------------------] 1007/2371. 8.38s
       [#############-------------------] 1008/2371. 8.38s
       [#############-------------------] 1009/2371. 8.41s
       [#############-------------------] 1010/2371. 8.42s
       [#############-------------------] 1011/2371. 8.42s
       [#############-------------------] 1012/2371. 8.42s
       [#############-------------------] 1013/2371. 8.44s
       [#############-------------------] 1014/2371. 8.44s
       [#############-------------------] 1015/2371. 8.45s
       [#############-------------------] 1016/2371. 8.47s
       [#############-------------------] 1017/2371. 8.48s
       [#############-------------------] 1018/2371. 8.49s
       [#############-------------------] 1019/2371. 8.50s
       [#############-------------------] 1020/2371. 8.50s
       [#############-------------------] 1021/2371. 8.51s
       [#############-------------------] 1022/2371. 8.52s
       [#############-------------------] 1023/2371. 8.52s
       [#############-------------------] 1024/2371. 8.56s
       [#############-------------------] 1025/2371. 8.56s
       [#############-------------------] 1026/2371. 8.56s
       [#############-------------------] 1027/2371. 8.57s
       [#############-------------------] 1028/2371. 8.57s
       [#############-------------------] 1029/2371. 8.59s
       [#############-------------------] 1030/2371. 8.61s
       [#############-------------------] 1031/2371. 8.62s
       [#############-------------------] 1032/2371. 8.63s
       [#############-------------------] 1033/2371. 8.63s
       [#############-------------------] 1034/2371. 8.66s
       [#############-------------------] 1035/2371. 8.67s
       [#############-------------------] 1036/2371. 8.68s
       [#############-------------------] 1037/2371. 8.68s
       [##############------------------] 1038/2371. 8.69s
       [##############------------------] 1039/2371. 8.70s
       [##############------------------] 1040/2371. 8.70s
       [##############------------------] 1041/2371. 8.71s
       [##############------------------] 1042/2371. 8.75s
       [##############------------------] 1043/2371. 8.76s
       [##############------------------] 1044/2371. 8.76s
       [##############------------------] 1045/2371. 8.77s
       [##############------------------] 1046/2371. 8.78s
       [##############------------------] 1047/2371. 8.79s
       [##############------------------] 1048/2371. 8.81s
       [##############------------------] 1049/2371. 8.82s
       [##############------------------] 1050/2371. 8.82s
       [##############------------------] 1051/2371. 8.82s
       [##############------------------] 1052/2371. 8.83s
       [##############------------------] 1053/2371. 8.84s
       [##############------------------] 1054/2371. 8.84s
       [##############------------------] 1055/2371. 8.88s
       [##############------------------] 1056/2371. 8.90s
       [##############------------------] 1057/2371. 8.91s
       [##############------------------] 1058/2371. 8.91s
       [##############------------------] 1059/2371. 8.91s
       [##############------------------] 1060/2371. 8.95s
       [##############------------------] 1061/2371. 8.95s
       [##############------------------] 1062/2371. 8.98s
       [##############------------------] 1063/2371. 8.98s
       [##############------------------] 1064/2371. 9.00s
       [##############------------------] 1065/2371. 9.01s
       [##############------------------] 1066/2371. 9.01s
       [##############------------------] 1067/2371. 9.02s
       [##############------------------] 1068/2371. 9.02s
       [##############------------------] 1069/2371. 9.04s
       [##############------------------] 1070/2371. 9.05s
       [##############------------------] 1071/2371. 9.07s
       [##############------------------] 1072/2371. 9.08s
       [##############------------------] 1073/2371. 9.10s
       [##############------------------] 1074/2371. 9.10s
       [##############------------------] 1075/2371. 9.11s
       [##############------------------] 1076/2371. 9.12s
       [##############------------------] 1077/2371. 9.14s
       [##############------------------] 1078/2371. 9.15s
       [##############------------------] 1079/2371. 9.15s
       [##############------------------] 1080/2371. 9.16s
       [##############------------------] 1081/2371. 9.17s
       [##############------------------] 1082/2371. 9.17s
       [##############------------------] 1083/2371. 9.18s
       [##############------------------] 1084/2371. 9.19s
       [##############------------------] 1085/2371. 9.21s
       [##############------------------] 1086/2371. 9.22s
       [##############------------------] 1087/2371. 9.22s
       [##############------------------] 1088/2371. 9.22s
       [##############------------------] 1089/2371. 9.23s
       [##############------------------] 1090/2371. 9.24s
       [##############------------------] 1091/2371. 9.26s
       [##############------------------] 1092/2371. 9.28s
       [##############------------------] 1093/2371. 9.28s
       [##############------------------] 1094/2371. 9.29s
       [##############------------------] 1095/2371. 9.29s
       [##############------------------] 1096/2371. 9.29s
       [##############------------------] 1097/2371. 9.30s
       [##############------------------] 1098/2371. 9.31s
       [##############------------------] 1099/2371. 9.33s
       [##############------------------] 1100/2371. 9.35s
       [##############------------------] 1101/2371. 9.36s
       [##############------------------] 1102/2371. 9.37s
       [##############------------------] 1103/2371. 9.37s
       [##############------------------] 1104/2371. 9.38s
       [##############------------------] 1105/2371. 9.39s
       [##############------------------] 1106/2371. 9.40s
       [##############------------------] 1107/2371. 9.41s
       [##############------------------] 1108/2371. 9.41s
       [##############------------------] 1109/2371. 9.43s
       [##############------------------] 1110/2371. 9.43s
       [##############------------------] 1111/2371. 9.44s
       [###############-----------------] 1112/2371. 9.46s
       [###############-----------------] 1113/2371. 9.46s
       [###############-----------------] 1114/2371. 9.46s
       [###############-----------------] 1115/2371. 9.47s
       [###############-----------------] 1116/2371. 9.50s
       [###############-----------------] 1117/2371. 9.51s
       [###############-----------------] 1118/2371. 9.52s
       [###############-----------------] 1119/2371. 9.53s
       [###############-----------------] 1120/2371. 9.54s
       [###############-----------------] 1121/2371. 9.54s
       [###############-----------------] 1122/2371. 9.57s
       [###############-----------------] 1123/2371. 9.57s
       [###############-----------------] 1124/2371. 9.58s
       [###############-----------------] 1125/2371. 9.58s
       [###############-----------------] 1126/2371. 9.59s
       [###############-----------------] 1127/2371. 9.60s
       [###############-----------------] 1128/2371. 9.62s
       [###############-----------------] 1129/2371. 9.63s
       [###############-----------------] 1130/2371. 9.64s
       [###############-----------------] 1131/2371. 9.66s
       [###############-----------------] 1132/2371. 9.66s
       [###############-----------------] 1133/2371. 9.68s
       [###############-----------------] 1134/2371. 9.69s
       [###############-----------------] 1135/2371. 9.70s
       [###############-----------------] 1136/2371. 9.72s
       [###############-----------------] 1137/2371. 9.72s
       [###############-----------------] 1138/2371. 9.72s
       [###############-----------------] 1139/2371. 9.73s
       [###############-----------------] 1140/2371. 9.74s
       [###############-----------------] 1141/2371. 9.75s
       [###############-----------------] 1142/2371. 9.75s
       [###############-----------------] 1143/2371. 9.76s
       [###############-----------------] 1144/2371. 9.78s
       [###############-----------------] 1145/2371. 9.79s
       [###############-----------------] 1146/2371. 9.80s
       [###############-----------------] 1147/2371. 9.80s
       [###############-----------------] 1148/2371. 9.81s
       [###############-----------------] 1149/2371. 9.84s
       [###############-----------------] 1150/2371. 9.84s
       [###############-----------------] 1151/2371. 9.86s
       [###############-----------------] 1152/2371. 9.87s
       [###############-----------------] 1153/2371. 9.87s
       [###############-----------------] 1154/2371. 9.87s
       [###############-----------------] 1155/2371. 9.88s
       [###############-----------------] 1156/2371. 9.88s
       [###############-----------------] 1157/2371. 9.90s
       [###############-----------------] 1158/2371. 9.90s
       [###############-----------------] 1159/2371. 9.91s
       [###############-----------------] 1160/2371. 9.92s
       [###############-----------------] 1161/2371. 9.93s
       [###############-----------------] 1162/2371. 9.93s
       [###############-----------------] 1163/2371. 9.94s
       [###############-----------------] 1164/2371. 9.94s
       [###############-----------------] 1165/2371. 9.97s
       [###############-----------------] 1166/2371. 9.99s
       [###############-----------------] 1167/2371. 9.99s
       [###############-----------------] 1168/2371. 10.00s
       [###############-----------------] 1169/2371. 10.00s
       [###############-----------------] 1170/2371. 10.00s
       [###############-----------------] 1171/2371. 10.01s
       [###############-----------------] 1172/2371. 10.01s
       [###############-----------------] 1173/2371. 10.03s
       [###############-----------------] 1174/2371. 10.04s
       [###############-----------------] 1175/2371. 10.06s
       [###############-----------------] 1176/2371. 10.06s
       [###############-----------------] 1177/2371. 10.06s
       [###############-----------------] 1178/2371. 10.07s
       [###############-----------------] 1179/2371. 10.07s
       [###############-----------------] 1180/2371. 10.08s
       [###############-----------------] 1181/2371. 10.09s
       [###############-----------------] 1182/2371. 10.11s
       [###############-----------------] 1183/2371. 10.12s
       [###############-----------------] 1184/2371. 10.12s
       [###############-----------------] 1185/2371. 10.13s
       [################----------------] 1186/2371. 10.13s
       [################----------------] 1187/2371. 10.14s
       [################----------------] 1188/2371. 10.16s
       [################----------------] 1189/2371. 10.18s
       [################----------------] 1190/2371. 10.19s
       [################----------------] 1191/2371. 10.20s
       [################----------------] 1192/2371. 10.20s
       [################----------------] 1193/2371. 10.20s
       [################----------------] 1194/2371. 10.22s
       [################----------------] 1195/2371. 10.24s
       [################----------------] 1196/2371. 10.24s
       [################----------------] 1197/2371. 10.25s
       [################----------------] 1198/2371. 10.25s
       [################----------------] 1199/2371. 10.26s
       [################----------------] 1200/2371. 10.26s
       [################----------------] 1201/2371. 10.27s
       [################----------------] 1202/2371. 10.28s
       [################----------------] 1203/2371. 10.30s
       [################----------------] 1204/2371. 10.30s
       [################----------------] 1205/2371. 10.31s
       [################----------------] 1206/2371. 10.31s
       [################----------------] 1207/2371. 10.33s
       [################----------------] 1208/2371. 10.33s
       [################----------------] 1209/2371. 10.35s
       [################----------------] 1210/2371. 10.36s
       [################----------------] 1211/2371. 10.37s
       [################----------------] 1212/2371. 10.37s
       [################----------------] 1213/2371. 10.39s
       [################----------------] 1214/2371. 10.39s
       [################----------------] 1215/2371. 10.39s
       [################----------------] 1216/2371. 10.41s
       [################----------------] 1217/2371. 10.41s
       [################----------------] 1218/2371. 10.42s
       [################----------------] 1219/2371. 10.43s
       [################----------------] 1220/2371. 10.44s
       [################----------------] 1221/2371. 10.45s
       [################----------------] 1222/2371. 10.46s
       [################----------------] 1223/2371. 10.46s
       [################----------------] 1224/2371. 10.48s
       [################----------------] 1225/2371. 10.48s
       [################----------------] 1226/2371. 10.51s
       [################----------------] 1227/2371. 10.51s
       [################----------------] 1228/2371. 10.52s
       [################----------------] 1229/2371. 10.53s
       [################----------------] 1230/2371. 10.53s
       [################----------------] 1231/2371. 10.54s
       [################----------------] 1232/2371. 10.54s
       [################----------------] 1233/2371. 10.56s
       [################----------------] 1234/2371. 10.57s
       [################----------------] 1235/2371. 10.58s
       [################----------------] 1236/2371. 10.59s
       [################----------------] 1237/2371. 10.59s
       [################----------------] 1238/2371. 10.60s
       [################----------------] 1239/2371. 10.61s
       [################----------------] 1240/2371. 10.62s
       [################----------------] 1241/2371. 10.63s
       [################----------------] 1242/2371. 10.65s
       [################----------------] 1243/2371. 10.65s
       [################----------------] 1244/2371. 10.66s
       [################----------------] 1245/2371. 10.66s
       [################----------------] 1246/2371. 10.67s
       [################----------------] 1247/2371. 10.67s
       [################----------------] 1248/2371. 10.68s
       [################----------------] 1249/2371. 10.68s
       [################----------------] 1250/2371. 10.69s
       [################----------------] 1251/2371. 10.72s
       [################----------------] 1252/2371. 10.72s
       [################----------------] 1253/2371. 10.73s
       [################----------------] 1254/2371. 10.73s
       [################----------------] 1255/2371. 10.73s
       [################----------------] 1256/2371. 10.74s
       [################----------------] 1257/2371. 10.74s
       [################----------------] 1258/2371. 10.75s
       [################----------------] 1259/2371. 10.77s
       [#################---------------] 1260/2371. 10.78s
       [#################---------------] 1261/2371. 10.79s
       [#################---------------] 1262/2371. 10.79s
       [#################---------------] 1263/2371. 10.80s
       [#################---------------] 1264/2371. 10.81s
       [#################---------------] 1265/2371. 10.83s
       [#################---------------] 1266/2371. 10.84s
       [#################---------------] 1267/2371. 10.84s
       [#################---------------] 1268/2371. 10.85s
       [#################---------------] 1269/2371. 10.86s
       [#################---------------] 1270/2371. 10.87s
       [#################---------------] 1271/2371. 10.87s
       [#################---------------] 1272/2371. 10.89s
       [#################---------------] 1273/2371. 10.89s
       [#################---------------] 1274/2371. 10.89s
       [#################---------------] 1275/2371. 10.90s
       [#################---------------] 1276/2371. 10.91s
       [#################---------------] 1277/2371. 10.92s
       [#################---------------] 1278/2371. 10.95s
       [#################---------------] 1279/2371. 10.95s
       [#################---------------] 1280/2371. 10.95s
       [#################---------------] 1281/2371. 10.95s
       [#################---------------] 1282/2371. 10.97s
       [#################---------------] 1283/2371. 10.98s
       [#################---------------] 1284/2371. 10.99s
       [#################---------------] 1285/2371. 11.00s
       [#################---------------] 1286/2371. 11.01s
       [#################---------------] 1287/2371. 11.01s
       [#################---------------] 1288/2371. 11.01s
       [#################---------------] 1289/2371. 11.02s
       [#################---------------] 1290/2371. 11.03s
       [#################---------------] 1291/2371. 11.04s
       [#################---------------] 1292/2371. 11.05s
       [#################---------------] 1293/2371. 11.07s
       [#################---------------] 1294/2371. 11.08s
       [#################---------------] 1295/2371. 11.08s
       [#################---------------] 1296/2371. 11.09s
       [#################---------------] 1297/2371. 11.09s
       [#################---------------] 1298/2371. 11.09s
       [#################---------------] 1299/2371. 11.09s
       [#################---------------] 1300/2371. 11.10s
       [#################---------------] 1301/2371. 11.11s
       [#################---------------] 1302/2371. 11.15s
       [#################---------------] 1303/2371. 11.15s
       [#################---------------] 1304/2371. 11.15s
       [#################---------------] 1305/2371. 11.16s
       [#################---------------] 1306/2371. 11.16s
       [#################---------------] 1307/2371. 11.16s
       [#################---------------] 1308/2371. 11.16s
       [#################---------------] 1309/2371. 11.18s
       [#################---------------] 1310/2371. 11.18s
       [#################---------------] 1311/2371. 11.21s
       [#################---------------] 1312/2371. 11.21s
       [#################---------------] 1313/2371. 11.22s
       [#################---------------] 1314/2371. 11.22s
       [#################---------------] 1315/2371. 11.22s
       [#################---------------] 1316/2371. 11.23s
       [#################---------------] 1317/2371. 11.24s
       [#################---------------] 1318/2371. 11.24s
       [#################---------------] 1319/2371. 11.27s
       [#################---------------] 1320/2371. 11.28s
       [#################---------------] 1321/2371. 11.29s
       [#################---------------] 1322/2371. 11.29s
       [#################---------------] 1323/2371. 11.30s
       [#################---------------] 1324/2371. 11.30s
       [#################---------------] 1325/2371. 11.31s
       [#################---------------] 1326/2371. 11.32s
       [#################---------------] 1327/2371. 11.33s
       [#################---------------] 1328/2371. 11.34s
       [#################---------------] 1329/2371. 11.35s
       [#################---------------] 1330/2371. 11.36s
       [#################---------------] 1331/2371. 11.36s
       [#################---------------] 1332/2371. 11.37s
       [#################---------------] 1333/2371. 11.37s
       [##################--------------] 1334/2371. 11.39s
       [##################--------------] 1335/2371. 11.41s
       [##################--------------] 1336/2371. 11.42s
       [##################--------------] 1337/2371. 11.43s
       [##################--------------] 1338/2371. 11.43s
       [##################--------------] 1339/2371. 11.44s
       [##################--------------] 1340/2371. 11.46s
       [##################--------------] 1341/2371. 11.49s
       [##################--------------] 1342/2371. 11.50s
       [##################--------------] 1343/2371. 11.50s
       [##################--------------] 1344/2371. 11.52s
       [##################--------------] 1345/2371. 11.53s
       [##################--------------] 1346/2371. 11.53s
       [##################--------------] 1347/2371. 11.55s
       [##################--------------] 1348/2371. 11.55s
       [##################--------------] 1349/2371. 11.56s
       [##################--------------] 1350/2371. 11.57s
       [##################--------------] 1351/2371. 11.59s
       [##################--------------] 1352/2371. 11.59s
       [##################--------------] 1353/2371. 11.60s
       [##################--------------] 1354/2371. 11.61s
       [##################--------------] 1355/2371. 11.61s
       [##################--------------] 1356/2371. 11.62s
       [##################--------------] 1357/2371. 11.62s
       [##################--------------] 1358/2371. 11.64s
       [##################--------------] 1359/2371. 11.64s
       [##################--------------] 1360/2371. 11.65s
       [##################--------------] 1361/2371. 11.65s
       [##################--------------] 1362/2371. 11.67s
       [##################--------------] 1363/2371. 11.68s
       [##################--------------] 1364/2371. 11.68s
       [##################--------------] 1365/2371. 11.70s
       [##################--------------] 1366/2371. 11.71s
       [##################--------------] 1367/2371. 11.71s
       [##################--------------] 1368/2371. 11.74s
       [##################--------------] 1369/2371. 11.75s
       [##################--------------] 1370/2371. 11.76s
       [##################--------------] 1371/2371. 11.76s
       [##################--------------] 1372/2371. 11.77s
       [##################--------------] 1373/2371. 11.77s
       [##################--------------] 1374/2371. 11.78s
       [##################--------------] 1375/2371. 11.80s
       [##################--------------] 1376/2371. 11.81s
       [##################--------------] 1377/2371. 11.81s
       [##################--------------] 1378/2371. 11.83s
       [##################--------------] 1379/2371. 11.83s
       [##################--------------] 1380/2371. 11.83s
       [##################--------------] 1381/2371. 11.86s
       [##################--------------] 1382/2371. 11.87s
       [##################--------------] 1383/2371. 11.89s
       [##################--------------] 1384/2371. 11.89s
       [##################--------------] 1385/2371. 11.90s
       [##################--------------] 1386/2371. 11.91s
       [##################--------------] 1387/2371. 11.94s
       [##################--------------] 1388/2371. 11.94s
       [##################--------------] 1389/2371. 11.94s
       [##################--------------] 1390/2371. 11.95s
       [##################--------------] 1391/2371. 11.96s
       [##################--------------] 1392/2371. 11.96s
       [##################--------------] 1393/2371. 11.96s
       [##################--------------] 1394/2371. 12.00s
       [##################--------------] 1395/2371. 12.00s
       [##################--------------] 1396/2371. 12.01s
       [##################--------------] 1397/2371. 12.02s
       [##################--------------] 1398/2371. 12.02s
       [##################--------------] 1399/2371. 12.02s
       [##################--------------] 1400/2371. 12.02s
       [##################--------------] 1401/2371. 12.05s
       [##################--------------] 1402/2371. 12.07s
       [##################--------------] 1403/2371. 12.08s
       [##################--------------] 1404/2371. 12.08s
       [##################--------------] 1405/2371. 12.08s
       [##################--------------] 1406/2371. 12.09s
       [##################--------------] 1407/2371. 12.11s
       [###################-------------] 1408/2371. 12.12s
       [###################-------------] 1409/2371. 12.13s
       [###################-------------] 1410/2371. 12.13s
       [###################-------------] 1411/2371. 12.14s
       [###################-------------] 1412/2371. 12.14s
       [###################-------------] 1413/2371. 12.15s
       [###################-------------] 1414/2371. 12.18s
       [###################-------------] 1415/2371. 12.19s
       [###################-------------] 1416/2371. 12.19s
       [###################-------------] 1417/2371. 12.20s
       [###################-------------] 1418/2371. 12.21s
       [###################-------------] 1419/2371. 12.22s
       [###################-------------] 1420/2371. 12.23s
       [###################-------------] 1421/2371. 12.23s
       [###################-------------] 1422/2371. 12.25s
       [###################-------------] 1423/2371. 12.26s
       [###################-------------] 1424/2371. 12.26s
       [###################-------------] 1425/2371. 12.27s
       [###################-------------] 1426/2371. 12.27s
       [###################-------------] 1427/2371. 12.28s
       [###################-------------] 1428/2371. 12.31s
       [###################-------------] 1429/2371. 12.32s
       [###################-------------] 1430/2371. 12.33s
       [###################-------------] 1431/2371. 12.33s
       [###################-------------] 1432/2371. 12.34s
       [###################-------------] 1433/2371. 12.36s
       [###################-------------] 1434/2371. 12.37s
       [###################-------------] 1435/2371. 12.38s
       [###################-------------] 1436/2371. 12.39s
       [###################-------------] 1437/2371. 12.39s
       [###################-------------] 1438/2371. 12.40s
       [###################-------------] 1439/2371. 12.40s
       [###################-------------] 1440/2371. 12.41s
       [###################-------------] 1441/2371. 12.45s
       [###################-------------] 1442/2371. 12.46s
       [###################-------------] 1443/2371. 12.47s
       [###################-------------] 1444/2371. 12.47s
       [###################-------------] 1445/2371. 12.47s
       [###################-------------] 1446/2371. 12.48s
       [###################-------------] 1447/2371. 12.50s
       [###################-------------] 1448/2371. 12.51s
       [###################-------------] 1449/2371. 12.54s
       [###################-------------] 1450/2371. 12.55s
       [###################-------------] 1451/2371. 12.55s
       [###################-------------] 1452/2371. 12.57s
       [###################-------------] 1453/2371. 12.57s
       [###################-------------] 1454/2371. 12.58s
       [###################-------------] 1455/2371. 12.60s
       [###################-------------] 1456/2371. 12.61s
       [###################-------------] 1457/2371. 12.62s
       [###################-------------] 1458/2371. 12.64s
       [###################-------------] 1459/2371. 12.65s
       [###################-------------] 1460/2371. 12.65s
       [###################-------------] 1461/2371. 12.67s
       [###################-------------] 1462/2371. 12.67s
       [###################-------------] 1463/2371. 12.69s
       [###################-------------] 1464/2371. 12.69s
       [###################-------------] 1465/2371. 12.73s
       [###################-------------] 1466/2371. 12.73s
       [###################-------------] 1467/2371. 12.74s
       [###################-------------] 1468/2371. 12.75s
       [###################-------------] 1469/2371. 12.76s
       [###################-------------] 1470/2371. 12.79s
       [###################-------------] 1471/2371. 12.79s
       [###################-------------] 1472/2371. 12.80s
       [###################-------------] 1473/2371. 12.82s
       [###################-------------] 1474/2371. 12.84s
       [###################-------------] 1475/2371. 12.85s
       [###################-------------] 1476/2371. 12.86s
       [###################-------------] 1477/2371. 12.86s
       [###################-------------] 1478/2371. 12.88s
       [###################-------------] 1479/2371. 12.88s
       [###################-------------] 1480/2371. 12.90s
       [###################-------------] 1481/2371. 12.92s
       [####################------------] 1482/2371. 12.92s
       [####################------------] 1483/2371. 12.93s
       [####################------------] 1484/2371. 12.95s
       [####################------------] 1485/2371. 12.96s
       [####################------------] 1486/2371. 12.96s
       [####################------------] 1487/2371. 12.97s
       [####################------------] 1488/2371. 12.98s
       [####################------------] 1489/2371. 13.00s
       [####################------------] 1490/2371. 13.01s
       [####################------------] 1491/2371. 13.02s
       [####################------------] 1492/2371. 13.03s
       [####################------------] 1493/2371. 13.03s
       [####################------------] 1494/2371. 13.06s
       [####################------------] 1495/2371. 13.07s
       [####################------------] 1496/2371. 13.08s
       [####################------------] 1497/2371. 13.08s
       [####################------------] 1498/2371. 13.10s
       [####################------------] 1499/2371. 13.10s
       [####################------------] 1500/2371. 13.11s
       [####################------------] 1501/2371. 13.12s
       [####################------------] 1502/2371. 13.13s
       [####################------------] 1503/2371. 13.13s
       [####################------------] 1504/2371. 13.14s
       [####################------------] 1505/2371. 13.14s
       [####################------------] 1506/2371. 13.16s
       [####################------------] 1507/2371. 13.16s
       [####################------------] 1508/2371. 13.19s
       [####################------------] 1509/2371. 13.19s
       [####################------------] 1510/2371. 13.19s
       [####################------------] 1511/2371. 13.21s
       [####################------------] 1512/2371. 13.21s
       [####################------------] 1513/2371. 13.24s
       [####################------------] 1514/2371. 13.25s
       [####################------------] 1515/2371. 13.25s
       [####################------------] 1516/2371. 13.25s
       [####################------------] 1517/2371. 13.27s
       [####################------------] 1518/2371. 13.27s
       [####################------------] 1519/2371. 13.29s
       [####################------------] 1520/2371. 13.30s
       [####################------------] 1521/2371. 13.31s
       [####################------------] 1522/2371. 13.33s
       [####################------------] 1523/2371. 13.33s
       [####################------------] 1524/2371. 13.37s
       [####################------------] 1525/2371. 13.38s
       [####################------------] 1526/2371. 13.38s
       [####################------------] 1527/2371. 13.38s
       [####################------------] 1528/2371. 13.38s
       [####################------------] 1529/2371. 13.39s
       [####################------------] 1530/2371. 13.39s
       [####################------------] 1531/2371. 13.40s
       [####################------------] 1532/2371. 13.40s
       [####################------------] 1533/2371. 13.40s
       [####################------------] 1534/2371. 13.43s
       [####################------------] 1535/2371. 13.44s
       [####################------------] 1536/2371. 13.45s
       [####################------------] 1537/2371. 13.48s
       [####################------------] 1538/2371. 13.49s
       [####################------------] 1539/2371. 13.50s
       [####################------------] 1540/2371. 13.51s
       [####################------------] 1541/2371. 13.52s
       [####################------------] 1542/2371. 13.53s
       [####################------------] 1543/2371. 13.54s
       [####################------------] 1544/2371. 13.54s
       [####################------------] 1545/2371. 13.55s
       [####################------------] 1546/2371. 13.56s
       [####################------------] 1547/2371. 13.57s
       [####################------------] 1548/2371. 13.58s
       [####################------------] 1549/2371. 13.60s
       [####################------------] 1550/2371. 13.60s
       [####################------------] 1551/2371. 13.60s
       [####################------------] 1552/2371. 13.61s
       [####################------------] 1553/2371. 13.64s
       [####################------------] 1554/2371. 13.64s
       [####################------------] 1555/2371. 13.65s
       [#####################-----------] 1556/2371. 13.66s
       [#####################-----------] 1557/2371. 13.66s
       [#####################-----------] 1558/2371. 13.66s
       [#####################-----------] 1559/2371. 13.68s
       [#####################-----------] 1560/2371. 13.68s
       [#####################-----------] 1561/2371. 13.69s
       [#####################-----------] 1562/2371. 13.69s
       [#####################-----------] 1563/2371. 13.70s
       [#####################-----------] 1564/2371. 13.70s
       [#####################-----------] 1565/2371. 13.71s
       [#####################-----------] 1566/2371. 13.72s
       [#####################-----------] 1567/2371. 13.73s
       [#####################-----------] 1568/2371. 13.75s
       [#####################-----------] 1569/2371. 13.76s
       [#####################-----------] 1570/2371. 13.76s
       [#####################-----------] 1571/2371. 13.78s
       [#####################-----------] 1572/2371. 13.79s
       [#####################-----------] 1573/2371. 13.81s
       [#####################-----------] 1574/2371. 13.82s
       [#####################-----------] 1575/2371. 13.82s
       [#####################-----------] 1576/2371. 13.84s
       [#####################-----------] 1577/2371. 13.85s
       [#####################-----------] 1578/2371. 13.85s
       [#####################-----------] 1579/2371. 13.85s
       [#####################-----------] 1580/2371. 13.86s
       [#####################-----------] 1581/2371. 13.87s
       [#####################-----------] 1582/2371. 13.88s
       [#####################-----------] 1583/2371. 13.88s
       [#####################-----------] 1584/2371. 13.88s
       [#####################-----------] 1585/2371. 13.90s
       [#####################-----------] 1586/2371. 13.92s
       [#####################-----------] 1587/2371. 13.93s
       [#####################-----------] 1588/2371. 13.94s
       [#####################-----------] 1589/2371. 13.95s
       [#####################-----------] 1590/2371. 13.95s
       [#####################-----------] 1591/2371. 13.96s
       [#####################-----------] 1592/2371. 13.97s
       [#####################-----------] 1593/2371. 13.99s
       [#####################-----------] 1594/2371. 13.99s
       [#####################-----------] 1595/2371. 14.00s
       [#####################-----------] 1596/2371. 14.02s
       [#####################-----------] 1597/2371. 14.02s
       [#####################-----------] 1598/2371. 14.03s
       [#####################-----------] 1599/2371. 14.04s
       [#####################-----------] 1600/2371. 14.04s
       [#####################-----------] 1601/2371. 14.05s
       [#####################-----------] 1602/2371. 14.05s
       [#####################-----------] 1603/2371. 14.08s
       [#####################-----------] 1604/2371. 14.09s
       [#####################-----------] 1605/2371. 14.10s
       [#####################-----------] 1606/2371. 14.11s
       [#####################-----------] 1607/2371. 14.11s
       [#####################-----------] 1608/2371. 14.14s
       [#####################-----------] 1609/2371. 14.14s
       [#####################-----------] 1610/2371. 14.15s
       [#####################-----------] 1611/2371. 14.15s
       [#####################-----------] 1612/2371. 14.15s
       [#####################-----------] 1613/2371. 14.17s
       [#####################-----------] 1614/2371. 14.17s
       [#####################-----------] 1615/2371. 14.18s
       [#####################-----------] 1616/2371. 14.18s
       [#####################-----------] 1617/2371. 14.21s
       [#####################-----------] 1618/2371. 14.22s
       [#####################-----------] 1619/2371. 14.22s
       [#####################-----------] 1620/2371. 14.22s
       [#####################-----------] 1621/2371. 14.23s
       [#####################-----------] 1622/2371. 14.24s
       [#####################-----------] 1623/2371. 14.24s
       [#####################-----------] 1624/2371. 14.26s
       [#####################-----------] 1625/2371. 14.27s
       [#####################-----------] 1626/2371. 14.27s
       [#####################-----------] 1627/2371. 14.30s
       [#####################-----------] 1628/2371. 14.33s
       [#####################-----------] 1629/2371. 14.33s
       [#####################-----------] 1630/2371. 14.35s
       [######################----------] 1631/2371. 14.35s
       [######################----------] 1632/2371. 14.35s
       [######################----------] 1633/2371. 14.35s
       [######################----------] 1634/2371. 14.37s
       [######################----------] 1635/2371. 14.37s
       [######################----------] 1636/2371. 14.39s
       [######################----------] 1637/2371. 14.40s
       [######################----------] 1638/2371. 14.41s
       [######################----------] 1639/2371. 14.43s
       [######################----------] 1640/2371. 14.43s
       [######################----------] 1641/2371. 14.43s
       [######################----------] 1642/2371. 14.45s
       [######################----------] 1643/2371. 14.45s
       [######################----------] 1644/2371. 14.45s
       [######################----------] 1645/2371. 14.47s
       [######################----------] 1646/2371. 14.49s
       [######################----------] 1647/2371. 14.49s
       [######################----------] 1648/2371. 14.51s
       [######################----------] 1649/2371. 14.51s
       [######################----------] 1650/2371. 14.52s
       [######################----------] 1651/2371. 14.54s
       [######################----------] 1652/2371. 14.55s
       [######################----------] 1653/2371. 14.55s
       [######################----------] 1654/2371. 14.58s
       [######################----------] 1655/2371. 14.58s
       [######################----------] 1656/2371. 14.58s
       [######################----------] 1657/2371. 14.59s
       [######################----------] 1658/2371. 14.59s
       [######################----------] 1659/2371. 14.59s
       [######################----------] 1660/2371. 14.60s
       [######################----------] 1661/2371. 14.62s
       [######################----------] 1662/2371. 14.64s
       [######################----------] 1663/2371. 14.64s
       [######################----------] 1664/2371. 14.65s
       [######################----------] 1665/2371. 14.67s
       [######################----------] 1666/2371. 14.69s
       [######################----------] 1667/2371. 14.71s
       [######################----------] 1668/2371. 14.71s
       [######################----------] 1669/2371. 14.71s
       [######################----------] 1670/2371. 14.71s
       [######################----------] 1671/2371. 14.71s
       [######################----------] 1672/2371. 14.73s
       [######################----------] 1673/2371. 14.73s
       [######################----------] 1674/2371. 14.73s
       [######################----------] 1675/2371. 14.75s
       [######################----------] 1676/2371. 14.77s
       [######################----------] 1677/2371. 14.78s
       [######################----------] 1678/2371. 14.79s
       [######################----------] 1679/2371. 14.80s
       [######################----------] 1680/2371. 14.81s
       [######################----------] 1681/2371. 14.81s
       [######################----------] 1682/2371. 14.83s
       [######################----------] 1683/2371. 14.84s
       [######################----------] 1684/2371. 14.85s
       [######################----------] 1685/2371. 14.85s
       [######################----------] 1686/2371. 14.86s
       [######################----------] 1687/2371. 14.86s
       [######################----------] 1688/2371. 14.87s
       [######################----------] 1689/2371. 14.87s
       [######################----------] 1690/2371. 14.88s
       [######################----------] 1691/2371. 14.90s
       [######################----------] 1692/2371. 14.90s
       [######################----------] 1693/2371. 14.92s
       [######################----------] 1694/2371. 14.93s
       [######################----------] 1695/2371. 14.94s
       [######################----------] 1696/2371. 14.95s
       [######################----------] 1697/2371. 14.96s
       [######################----------] 1698/2371. 14.96s
       [######################----------] 1699/2371. 14.98s
       [######################----------] 1700/2371. 14.99s
       [######################----------] 1701/2371. 15.01s
       [######################----------] 1702/2371. 15.01s
       [######################----------] 1703/2371. 15.02s
       [######################----------] 1704/2371. 15.03s
       [#######################---------] 1705/2371. 15.03s
       [#######################---------] 1706/2371. 15.03s
       [#######################---------] 1707/2371. 15.04s
       [#######################---------] 1708/2371. 15.06s
       [#######################---------] 1709/2371. 15.07s
       [#######################---------] 1710/2371. 15.09s
       [#######################---------] 1711/2371. 15.10s
       [#######################---------] 1712/2371. 15.10s
       [#######################---------] 1713/2371. 15.11s
       [#######################---------] 1714/2371. 15.12s
       [#######################---------] 1715/2371. 15.12s
       [#######################---------] 1716/2371. 15.13s
       [#######################---------] 1717/2371. 15.13s
       [#######################---------] 1718/2371. 15.15s
       [#######################---------] 1719/2371. 15.15s
       [#######################---------] 1720/2371. 15.16s
       [#######################---------] 1721/2371. 15.17s
       [#######################---------] 1722/2371. 15.17s
       [#######################---------] 1723/2371. 15.18s
       [#######################---------] 1724/2371. 15.19s
       [#######################---------] 1725/2371. 15.19s
       [#######################---------] 1726/2371. 15.21s
       [#######################---------] 1727/2371. 15.22s
       [#######################---------] 1728/2371. 15.23s
       [#######################---------] 1729/2371. 15.24s
       [#######################---------] 1730/2371. 15.24s
       [#######################---------] 1731/2371. 15.24s
       [#######################---------] 1732/2371. 15.26s
       [#######################---------] 1733/2371. 15.27s
       [#######################---------] 1734/2371. 15.28s
       [#######################---------] 1735/2371. 15.28s
       [#######################---------] 1736/2371. 15.29s
       [#######################---------] 1737/2371. 15.29s
       [#######################---------] 1738/2371. 15.30s
       [#######################---------] 1739/2371. 15.31s
       [#######################---------] 1740/2371. 15.34s
       [#######################---------] 1741/2371. 15.34s
       [#######################---------] 1742/2371. 15.35s
       [#######################---------] 1743/2371. 15.35s
       [#######################---------] 1744/2371. 15.36s
       [#######################---------] 1745/2371. 15.37s
       [#######################---------] 1746/2371. 15.37s
       [#######################---------] 1747/2371. 15.39s
       [#######################---------] 1748/2371. 15.40s
       [#######################---------] 1749/2371. 15.41s
       [#######################---------] 1750/2371. 15.41s
       [#######################---------] 1751/2371. 15.41s
       [#######################---------] 1752/2371. 15.42s
       [#######################---------] 1753/2371. 15.44s
       [#######################---------] 1754/2371. 15.46s
       [#######################---------] 1755/2371. 15.47s
       [#######################---------] 1756/2371. 15.49s
       [#######################---------] 1757/2371. 15.50s
       [#######################---------] 1758/2371. 15.50s
       [#######################---------] 1759/2371. 15.50s
       [#######################---------] 1760/2371. 15.51s
       [#######################---------] 1761/2371. 15.53s
       [#######################---------] 1762/2371. 15.53s
       [#######################---------] 1763/2371. 15.54s
       [#######################---------] 1764/2371. 15.55s
       [#######################---------] 1765/2371. 15.56s
       [#######################---------] 1766/2371. 15.56s
       [#######################---------] 1767/2371. 15.56s
       [#######################---------] 1768/2371. 15.59s
       [#######################---------] 1769/2371. 15.59s
       [#######################---------] 1770/2371. 15.60s
       [#######################---------] 1771/2371. 15.60s
       [#######################---------] 1772/2371. 15.61s
       [#######################---------] 1773/2371. 15.61s
       [#######################---------] 1774/2371. 15.62s
       [#######################---------] 1775/2371. 15.64s
       [#######################---------] 1776/2371. 15.64s
       [#######################---------] 1777/2371. 15.65s
       [#######################---------] 1778/2371. 15.65s
       [########################--------] 1779/2371. 15.65s
       [########################--------] 1780/2371. 15.66s
       [########################--------] 1781/2371. 15.66s
       [########################--------] 1782/2371. 15.67s
       [########################--------] 1783/2371. 15.69s
       [########################--------] 1784/2371. 15.70s
       [########################--------] 1785/2371. 15.71s
       [########################--------] 1786/2371. 15.72s
       [########################--------] 1787/2371. 15.73s
       [########################--------] 1788/2371. 15.73s
       [########################--------] 1789/2371. 15.75s
       [########################--------] 1790/2371. 15.77s
       [########################--------] 1791/2371. 15.78s
       [########################--------] 1792/2371. 15.78s
       [########################--------] 1793/2371. 15.78s
       [########################--------] 1794/2371. 15.79s
       [########################--------] 1795/2371. 15.80s
       [########################--------] 1796/2371. 15.81s
       [########################--------] 1797/2371. 15.83s
       [########################--------] 1798/2371. 15.84s
       [########################--------] 1799/2371. 15.84s
       [########################--------] 1800/2371. 15.87s
       [########################--------] 1801/2371. 15.88s
       [########################--------] 1802/2371. 15.89s
       [########################--------] 1803/2371. 15.90s
       [########################--------] 1804/2371. 15.90s
       [########################--------] 1805/2371. 15.91s
       [########################--------] 1806/2371. 15.92s
       [########################--------] 1807/2371. 15.92s
       [########################--------] 1808/2371. 15.93s
       [########################--------] 1809/2371. 15.94s
       [########################--------] 1810/2371. 15.95s
       [########################--------] 1811/2371. 15.97s
       [########################--------] 1812/2371. 15.97s
       [########################--------] 1813/2371. 15.98s
       [########################--------] 1814/2371. 15.99s
       [########################--------] 1815/2371. 15.99s
       [########################--------] 1816/2371. 16.00s
       [########################--------] 1817/2371. 16.00s
       [########################--------] 1818/2371. 16.01s
       [########################--------] 1819/2371. 16.03s
       [########################--------] 1820/2371. 16.03s
       [########################--------] 1821/2371. 16.05s
       [########################--------] 1822/2371. 16.05s
       [########################--------] 1823/2371. 16.06s
       [########################--------] 1824/2371. 16.07s
       [########################--------] 1825/2371. 16.07s
       [########################--------] 1826/2371. 16.07s
       [########################--------] 1827/2371. 16.09s
       [########################--------] 1828/2371. 16.09s
       [########################--------] 1829/2371. 16.10s
       [########################--------] 1830/2371. 16.11s
       [########################--------] 1831/2371. 16.12s
       [########################--------] 1832/2371. 16.12s
       [########################--------] 1833/2371. 16.13s
       [########################--------] 1834/2371. 16.13s
       [########################--------] 1835/2371. 16.13s
       [########################--------] 1836/2371. 16.14s
       [########################--------] 1837/2371. 16.17s
       [########################--------] 1838/2371. 16.18s
       [########################--------] 1839/2371. 16.19s
       [########################--------] 1840/2371. 16.20s
       [########################--------] 1841/2371. 16.21s
       [########################--------] 1842/2371. 16.21s
       [########################--------] 1843/2371. 16.23s
       [########################--------] 1844/2371. 16.24s
       [########################--------] 1845/2371. 16.25s
       [########################--------] 1846/2371. 16.26s
       [########################--------] 1847/2371. 16.27s
       [########################--------] 1848/2371. 16.29s
       [########################--------] 1849/2371. 16.30s
       [########################--------] 1850/2371. 16.31s
       [########################--------] 1851/2371. 16.31s
       [########################--------] 1852/2371. 16.32s
       [#########################-------] 1853/2371. 16.32s
       [#########################-------] 1854/2371. 16.33s
       [#########################-------] 1855/2371. 16.35s
       [#########################-------] 1856/2371. 16.36s
       [#########################-------] 1857/2371. 16.38s
       [#########################-------] 1858/2371. 16.38s
       [#########################-------] 1859/2371. 16.38s
       [#########################-------] 1860/2371. 16.40s
       [#########################-------] 1861/2371. 16.41s
       [#########################-------] 1862/2371. 16.42s
       [#########################-------] 1863/2371. 16.43s
       [#########################-------] 1864/2371. 16.44s
       [#########################-------] 1865/2371. 16.44s
       [#########################-------] 1866/2371. 16.44s
       [#########################-------] 1867/2371. 16.44s
       [#########################-------] 1868/2371. 16.46s
       [#########################-------] 1869/2371. 16.47s
       [#########################-------] 1870/2371. 16.48s
       [#########################-------] 1871/2371. 16.48s
       [#########################-------] 1872/2371. 16.49s
       [#########################-------] 1873/2371. 16.50s
       [#########################-------] 1874/2371. 16.50s
       [#########################-------] 1875/2371. 16.52s
       [#########################-------] 1876/2371. 16.54s
       [#########################-------] 1877/2371. 16.54s
       [#########################-------] 1878/2371. 16.55s
       [#########################-------] 1879/2371. 16.55s
       [#########################-------] 1880/2371. 16.55s
       [#########################-------] 1881/2371. 16.57s
       [#########################-------] 1882/2371. 16.57s
       [#########################-------] 1883/2371. 16.58s
       [#########################-------] 1884/2371. 16.59s
       [#########################-------] 1885/2371. 16.61s
       [#########################-------] 1886/2371. 16.62s
       [#########################-------] 1887/2371. 16.63s
       [#########################-------] 1888/2371. 16.64s
       [#########################-------] 1889/2371. 16.64s
       [#########################-------] 1890/2371. 16.64s
       [#########################-------] 1891/2371. 16.65s
       [#########################-------] 1892/2371. 16.65s
       [#########################-------] 1893/2371. 16.66s
       [#########################-------] 1894/2371. 16.68s
       [#########################-------] 1895/2371. 16.69s
       [#########################-------] 1896/2371. 16.70s
       [#########################-------] 1897/2371. 16.70s
       [#########################-------] 1898/2371. 16.71s
       [#########################-------] 1899/2371. 16.71s
       [#########################-------] 1900/2371. 16.75s
       [#########################-------] 1901/2371. 16.75s
       [#########################-------] 1902/2371. 16.75s
       [#########################-------] 1903/2371. 16.76s
       [#########################-------] 1904/2371. 16.77s
       [#########################-------] 1905/2371. 16.77s
       [#########################-------] 1906/2371. 16.78s
       [#########################-------] 1907/2371. 16.78s
       [#########################-------] 1908/2371. 16.79s
       [#########################-------] 1909/2371. 16.82s
       [#########################-------] 1910/2371. 16.83s
       [#########################-------] 1911/2371. 16.85s
       [#########################-------] 1912/2371. 16.85s
       [#########################-------] 1913/2371. 16.86s
       [#########################-------] 1914/2371. 16.87s
       [#########################-------] 1915/2371. 16.87s
       [#########################-------] 1916/2371. 16.88s
       [#########################-------] 1917/2371. 16.88s
       [#########################-------] 1918/2371. 16.89s
       [#########################-------] 1919/2371. 16.89s
       [#########################-------] 1920/2371. 16.91s
       [#########################-------] 1921/2371. 16.91s
       [#########################-------] 1922/2371. 16.92s
       [#########################-------] 1923/2371. 16.94s
       [#########################-------] 1924/2371. 16.95s
       [#########################-------] 1925/2371. 16.95s
       [#########################-------] 1926/2371. 16.97s
       [##########################------] 1927/2371. 16.97s
       [##########################------] 1928/2371. 16.97s
       [##########################------] 1929/2371. 16.98s
       [##########################------] 1930/2371. 17.00s
       [##########################------] 1931/2371. 17.00s
       [##########################------] 1932/2371. 17.00s
       [##########################------] 1933/2371. 17.01s
       [##########################------] 1934/2371. 17.03s
       [##########################------] 1935/2371. 17.03s
       [##########################------] 1936/2371. 17.04s
       [##########################------] 1937/2371. 17.04s
       [##########################------] 1938/2371. 17.04s
       [##########################------] 1939/2371. 17.04s
       [##########################------] 1940/2371. 17.08s
       [##########################------] 1941/2371. 17.08s
       [##########################------] 1942/2371. 17.09s
       [##########################------] 1943/2371. 17.10s
       [##########################------] 1944/2371. 17.10s
       [##########################------] 1945/2371. 17.12s
       [##########################------] 1946/2371. 17.13s
       [##########################------] 1947/2371. 17.14s
       [##########################------] 1948/2371. 17.14s
       [##########################------] 1949/2371. 17.16s
       [##########################------] 1950/2371. 17.16s
       [##########################------] 1951/2371. 17.18s
       [##########################------] 1952/2371. 17.19s
       [##########################------] 1953/2371. 17.19s
       [##########################------] 1954/2371. 17.21s
       [##########################------] 1955/2371. 17.23s
       [##########################------] 1956/2371. 17.23s
       [##########################------] 1957/2371. 17.23s
       [##########################------] 1958/2371. 17.23s
       [##########################------] 1959/2371. 17.25s
       [##########################------] 1960/2371. 17.25s
       [##########################------] 1961/2371. 17.27s
       [##########################------] 1962/2371. 17.27s
       [##########################------] 1963/2371. 17.29s
       [##########################------] 1964/2371. 17.29s
       [##########################------] 1965/2371. 17.30s
       [##########################------] 1966/2371. 17.31s
       [##########################------] 1967/2371. 17.31s
       [##########################------] 1968/2371. 17.34s
       [##########################------] 1969/2371. 17.34s
       [##########################------] 1970/2371. 17.35s
       [##########################------] 1971/2371. 17.35s
       [##########################------] 1972/2371. 17.35s
       [##########################------] 1973/2371. 17.37s
       [##########################------] 1974/2371. 17.38s
       [##########################------] 1975/2371. 17.38s
       [##########################------] 1976/2371. 17.40s
       [##########################------] 1977/2371. 17.40s
       [##########################------] 1978/2371. 17.41s
       [##########################------] 1979/2371. 17.41s
       [##########################------] 1980/2371. 17.41s
       [##########################------] 1981/2371. 17.43s
       [##########################------] 1982/2371. 17.44s
       [##########################------] 1983/2371. 17.45s
       [##########################------] 1984/2371. 17.47s
       [##########################------] 1985/2371. 17.48s
       [##########################------] 1986/2371. 17.48s
       [##########################------] 1987/2371. 17.49s
       [##########################------] 1988/2371. 17.50s
       [##########################------] 1989/2371. 17.51s
       [##########################------] 1990/2371. 17.52s
       [##########################------] 1991/2371. 17.52s
       [##########################------] 1992/2371. 17.55s
       [##########################------] 1993/2371. 17.56s
       [##########################------] 1994/2371. 17.56s
       [##########################------] 1995/2371. 17.57s
       [##########################------] 1996/2371. 17.57s
       [##########################------] 1997/2371. 17.58s
       [##########################------] 1998/2371. 17.63s
       [##########################------] 1999/2371. 17.64s
       [##########################------] 2000/2371. 17.64s
       [###########################-----] 2001/2371. 17.65s
       [###########################-----] 2002/2371. 17.66s
       [###########################-----] 2003/2371. 17.67s
       [###########################-----] 2004/2371. 17.67s
       [###########################-----] 2005/2371. 17.67s
       [###########################-----] 2006/2371. 17.69s
       [###########################-----] 2007/2371. 17.70s
       [###########################-----] 2008/2371. 17.70s
       [###########################-----] 2009/2371. 17.71s
       [###########################-----] 2010/2371. 17.71s
       [###########################-----] 2011/2371. 17.73s
       [###########################-----] 2012/2371. 17.74s
       [###########################-----] 2013/2371. 17.75s
       [###########################-----] 2014/2371. 17.76s
       [###########################-----] 2015/2371. 17.76s
       [###########################-----] 2016/2371. 17.76s
       [###########################-----] 2017/2371. 17.77s
       [###########################-----] 2018/2371. 17.77s
       [###########################-----] 2019/2371. 17.78s
       [###########################-----] 2020/2371. 17.81s
       [###########################-----] 2021/2371. 17.82s
       [###########################-----] 2022/2371. 17.83s
       [###########################-----] 2023/2371. 17.83s
       [###########################-----] 2024/2371. 17.84s
       [###########################-----] 2025/2371. 17.84s
       [###########################-----] 2026/2371. 17.84s
       [###########################-----] 2027/2371. 17.85s
       [###########################-----] 2028/2371. 17.87s
       [###########################-----] 2029/2371. 17.87s
       [###########################-----] 2030/2371. 17.88s
       [###########################-----] 2031/2371. 17.89s
       [###########################-----] 2032/2371. 17.90s
       [###########################-----] 2033/2371. 17.90s
       [###########################-----] 2034/2371. 17.91s
       [###########################-----] 2035/2371. 17.94s
       [###########################-----] 2036/2371. 17.95s
       [###########################-----] 2037/2371. 17.95s
       [###########################-----] 2038/2371. 17.96s
       [###########################-----] 2039/2371. 17.96s
       [###########################-----] 2040/2371. 17.97s
       [###########################-----] 2041/2371. 17.99s
       [###########################-----] 2042/2371. 17.99s
       [###########################-----] 2043/2371. 18.00s
       [###########################-----] 2044/2371. 18.01s
       [###########################-----] 2045/2371. 18.01s
       [###########################-----] 2046/2371. 18.02s
       [###########################-----] 2047/2371. 18.02s
       [###########################-----] 2048/2371. 18.03s
       [###########################-----] 2049/2371. 18.05s
       [###########################-----] 2050/2371. 18.07s
       [###########################-----] 2051/2371. 18.08s
       [###########################-----] 2052/2371. 18.08s
       [###########################-----] 2053/2371. 18.09s
       [###########################-----] 2054/2371. 18.09s
       [###########################-----] 2055/2371. 18.10s
       [###########################-----] 2056/2371. 18.10s
       [###########################-----] 2057/2371. 18.10s
       [###########################-----] 2058/2371. 18.11s
       [###########################-----] 2059/2371. 18.14s
       [###########################-----] 2060/2371. 18.14s
       [###########################-----] 2061/2371. 18.16s
       [###########################-----] 2062/2371. 18.16s
       [###########################-----] 2063/2371. 18.16s
       [###########################-----] 2064/2371. 18.16s
       [###########################-----] 2065/2371. 18.17s
       [###########################-----] 2066/2371. 18.18s
       [###########################-----] 2067/2371. 18.20s
       [###########################-----] 2068/2371. 18.21s
       [###########################-----] 2069/2371. 18.22s
       [###########################-----] 2070/2371. 18.23s
       [###########################-----] 2071/2371. 18.23s
       [###########################-----] 2072/2371. 18.23s
       [###########################-----] 2073/2371. 18.24s
       [###########################-----] 2074/2371. 18.27s
       [############################----] 2075/2371. 18.27s
       [############################----] 2076/2371. 18.29s
       [############################----] 2077/2371. 18.29s
       [############################----] 2078/2371. 18.29s
       [############################----] 2079/2371. 18.29s
       [############################----] 2080/2371. 18.29s
       [############################----] 2081/2371. 18.30s
       [############################----] 2082/2371. 18.34s
       [############################----] 2083/2371. 18.34s
       [############################----] 2084/2371. 18.35s
       [############################----] 2085/2371. 18.36s
       [############################----] 2086/2371. 18.37s
       [############################----] 2087/2371. 18.37s
       [############################----] 2088/2371. 18.40s
       [############################----] 2089/2371. 18.41s
       [############################----] 2090/2371. 18.41s
       [############################----] 2091/2371. 18.41s
       [############################----] 2092/2371. 18.42s
       [############################----] 2093/2371. 18.43s
       [############################----] 2094/2371. 18.43s
       [############################----] 2095/2371. 18.43s
       [############################----] 2096/2371. 18.47s
       [############################----] 2097/2371. 18.47s
       [############################----] 2098/2371. 18.48s
       [############################----] 2099/2371. 18.48s
       [############################----] 2100/2371. 18.48s
       [############################----] 2101/2371. 18.49s
       [############################----] 2102/2371. 18.49s
       [############################----] 2103/2371. 18.51s
       [############################----] 2104/2371. 18.51s
       [############################----] 2105/2371. 18.53s
       [############################----] 2106/2371. 18.53s
       [############################----] 2107/2371. 18.54s
       [############################----] 2108/2371. 18.54s
       [############################----] 2109/2371. 18.57s
       [############################----] 2110/2371. 18.57s
       [############################----] 2111/2371. 18.57s
       [############################----] 2112/2371. 18.58s
       [############################----] 2113/2371. 18.59s
       [############################----] 2114/2371. 18.59s
       [############################----] 2115/2371. 18.60s
       [############################----] 2116/2371. 18.60s
       [############################----] 2117/2371. 18.61s
       [############################----] 2118/2371. 18.63s
       [############################----] 2119/2371. 18.65s
       [############################----] 2120/2371. 18.65s
       [############################----] 2121/2371. 18.66s
       [############################----] 2122/2371. 18.66s
       [############################----] 2123/2371. 18.66s
       [############################----] 2124/2371. 18.68s
       [############################----] 2125/2371. 18.69s
       [############################----] 2126/2371. 18.69s
       [############################----] 2127/2371. 18.70s
       [############################----] 2128/2371. 18.71s
       [############################----] 2129/2371. 18.71s
       [############################----] 2130/2371. 18.72s
       [############################----] 2131/2371. 18.73s
       [############################----] 2132/2371. 18.74s
       [############################----] 2133/2371. 18.76s
       [############################----] 2134/2371. 18.77s
       [############################----] 2135/2371. 18.77s
       [############################----] 2136/2371. 18.78s
       [############################----] 2137/2371. 18.79s
       [############################----] 2138/2371. 18.80s
       [############################----] 2139/2371. 18.80s
       [############################----] 2140/2371. 18.81s
       [############################----] 2141/2371. 18.82s
       [############################----] 2142/2371. 18.84s
       [############################----] 2143/2371. 18.85s
       [############################----] 2144/2371. 18.86s
       [############################----] 2145/2371. 18.87s
       [############################----] 2146/2371. 18.87s
       [############################----] 2147/2371. 18.88s
       [############################----] 2148/2371. 18.90s
       [#############################---] 2149/2371. 18.90s
       [#############################---] 2150/2371. 18.90s
       [#############################---] 2151/2371. 18.92s
       [#############################---] 2152/2371. 18.93s
       [#############################---] 2153/2371. 18.96s
       [#############################---] 2154/2371. 18.96s
       [#############################---] 2155/2371. 18.98s
       [#############################---] 2156/2371. 18.99s
       [#############################---] 2157/2371. 18.99s
       [#############################---] 2158/2371. 18.99s
       [#############################---] 2159/2371. 19.01s
       [#############################---] 2160/2371. 19.01s
       [#############################---] 2161/2371. 19.02s
       [#############################---] 2162/2371. 19.04s
       [#############################---] 2163/2371. 19.05s
       [#############################---] 2164/2371. 19.05s
       [#############################---] 2165/2371. 19.05s
       [#############################---] 2166/2371. 19.07s
       [#############################---] 2167/2371. 19.07s
       [#############################---] 2168/2371. 19.09s
       [#############################---] 2169/2371. 19.11s
       [#############################---] 2170/2371. 19.12s
       [#############################---] 2171/2371. 19.12s
       [#############################---] 2172/2371. 19.12s
       [#############################---] 2173/2371. 19.13s
       [#############################---] 2174/2371. 19.14s
       [#############################---] 2175/2371. 19.17s
       [#############################---] 2176/2371. 19.18s
       [#############################---] 2177/2371. 19.18s
       [#############################---] 2178/2371. 19.18s
       [#############################---] 2179/2371. 19.19s
       [#############################---] 2180/2371. 19.23s
       [#############################---] 2181/2371. 19.23s
       [#############################---] 2182/2371. 19.24s
       [#############################---] 2183/2371. 19.24s
       [#############################---] 2184/2371. 19.25s
       [#############################---] 2185/2371. 19.28s
       [#############################---] 2186/2371. 19.29s
       [#############################---] 2187/2371. 19.33s
       [#############################---] 2188/2371. 19.34s
       [#############################---] 2189/2371. 19.34s
       [#############################---] 2190/2371. 19.36s
       [#############################---] 2191/2371. 19.37s
       [#############################---] 2192/2371. 19.39s
       [#############################---] 2193/2371. 19.39s
       [#############################---] 2194/2371. 19.41s
       [#############################---] 2195/2371. 19.42s
       [#############################---] 2196/2371. 19.43s
       [#############################---] 2197/2371. 19.44s
       [#############################---] 2198/2371. 19.45s
       [#############################---] 2199/2371. 19.45s
       [#############################---] 2200/2371. 19.47s
       [#############################---] 2201/2371. 19.49s
       [#############################---] 2202/2371. 19.50s
       [#############################---] 2203/2371. 19.51s
       [#############################---] 2204/2371. 19.52s
       [#############################---] 2205/2371. 19.54s
       [#############################---] 2206/2371. 19.54s
       [#############################---] 2207/2371. 19.55s
       [#############################---] 2208/2371. 19.57s
       [#############################---] 2209/2371. 19.57s
       [#############################---] 2210/2371. 19.58s
       [#############################---] 2211/2371. 19.60s
       [#############################---] 2212/2371. 19.60s
       [#############################---] 2213/2371. 19.60s
       [#############################---] 2214/2371. 19.63s
       [#############################---] 2215/2371. 19.64s
       [#############################---] 2216/2371. 19.66s
       [#############################---] 2217/2371. 19.66s
       [#############################---] 2218/2371. 19.66s
       [#############################---] 2219/2371. 19.68s
       [#############################---] 2220/2371. 19.69s
       [#############################---] 2221/2371. 19.70s
       [#############################---] 2222/2371. 19.70s
       [##############################--] 2223/2371. 19.71s
       [##############################--] 2224/2371. 19.72s
       [##############################--] 2225/2371. 19.74s
       [##############################--] 2226/2371. 19.75s
       [##############################--] 2227/2371. 19.76s
       [##############################--] 2228/2371. 19.76s
       [##############################--] 2229/2371. 19.77s
       [##############################--] 2230/2371. 19.77s
       [##############################--] 2231/2371. 19.78s
       [##############################--] 2232/2371. 19.81s
       [##############################--] 2233/2371. 19.82s
       [##############################--] 2234/2371. 19.82s
       [##############################--] 2235/2371. 19.84s
       [##############################--] 2236/2371. 19.86s
       [##############################--] 2237/2371. 19.88s
       [##############################--] 2238/2371. 19.88s
       [##############################--] 2239/2371. 19.88s
       [##############################--] 2240/2371. 19.89s
       [##############################--] 2241/2371. 19.90s
       [##############################--] 2242/2371. 19.91s
       [##############################--] 2243/2371. 19.92s
       [##############################--] 2244/2371. 19.92s
       [##############################--] 2245/2371. 19.92s
       [##############################--] 2246/2371. 19.93s
       [##############################--] 2247/2371. 19.94s
       [##############################--] 2248/2371. 19.94s
       [##############################--] 2249/2371. 19.98s
       [##############################--] 2250/2371. 19.98s
       [##############################--] 2251/2371. 19.98s
       [##############################--] 2252/2371. 19.99s
       [##############################--] 2253/2371. 20.00s
       [##############################--] 2254/2371. 20.02s
       [##############################--] 2255/2371. 20.03s
       [##############################--] 2256/2371. 20.04s
       [##############################--] 2257/2371. 20.05s
       [##############################--] 2258/2371. 20.06s
       [##############################--] 2259/2371. 20.08s
       [##############################--] 2260/2371. 20.08s
       [##############################--] 2261/2371. 20.08s
       [##############################--] 2262/2371. 20.09s
       [##############################--] 2263/2371. 20.10s
       [##############################--] 2264/2371. 20.12s
       [##############################--] 2265/2371. 20.14s
       [##############################--] 2266/2371. 20.14s
       [##############################--] 2267/2371. 20.15s
       [##############################--] 2268/2371. 20.16s
       [##############################--] 2269/2371. 20.17s
       [##############################--] 2270/2371. 20.18s
       [##############################--] 2271/2371. 20.18s
       [##############################--] 2272/2371. 20.19s
       [##############################--] 2273/2371. 20.20s
       [##############################--] 2274/2371. 20.21s
       [##############################--] 2275/2371. 20.22s
       [##############################--] 2276/2371. 20.24s
       [##############################--] 2277/2371. 20.25s
       [##############################--] 2278/2371. 20.27s
       [##############################--] 2279/2371. 20.28s
       [##############################--] 2280/2371. 20.29s
       [##############################--] 2281/2371. 20.30s
       [##############################--] 2282/2371. 20.30s
       [##############################--] 2283/2371. 20.31s
       [##############################--] 2284/2371. 20.31s
       [##############################--] 2285/2371. 20.32s
       [##############################--] 2286/2371. 20.32s
       [##############################--] 2287/2371. 20.34s
       [##############################--] 2288/2371. 20.37s
       [##############################--] 2289/2371. 20.37s
       [##############################--] 2290/2371. 20.37s
       [##############################--] 2291/2371. 20.39s
       [##############################--] 2292/2371. 20.40s
       [##############################--] 2293/2371. 20.41s
       [##############################--] 2294/2371. 20.42s
       [##############################--] 2295/2371. 20.44s
       [##############################--] 2296/2371. 20.46s
       [###############################-] 2297/2371. 20.46s
       [###############################-] 2298/2371. 20.46s
       [###############################-] 2299/2371. 20.47s
       [###############################-] 2300/2371. 20.50s
       [###############################-] 2301/2371. 20.52s
       [###############################-] 2302/2371. 20.55s
       [###############################-] 2303/2371. 20.55s
       [###############################-] 2304/2371. 20.55s
       [###############################-] 2305/2371. 20.56s
       [###############################-] 2306/2371. 20.57s
       [###############################-] 2307/2371. 20.60s
       [###############################-] 2308/2371. 20.61s
       [###############################-] 2309/2371. 20.61s
       [###############################-] 2310/2371. 20.62s
       [###############################-] 2311/2371. 20.63s
       [###############################-] 2312/2371. 20.66s
       [###############################-] 2313/2371. 20.66s
       [###############################-] 2314/2371. 20.66s
       [###############################-] 2315/2371. 20.69s
       [###############################-] 2316/2371. 20.69s
       [###############################-] 2317/2371. 20.70s
       [###############################-] 2318/2371. 20.72s
       [###############################-] 2319/2371. 20.74s
       [###############################-] 2320/2371. 20.75s
       [###############################-] 2321/2371. 20.75s
       [###############################-] 2322/2371. 20.76s
       [###############################-] 2323/2371. 20.77s
       [###############################-] 2324/2371. 20.79s
       [###############################-] 2325/2371. 20.80s
       [###############################-] 2326/2371. 20.81s
       [###############################-] 2327/2371. 20.81s
       [###############################-] 2328/2371. 20.82s
       [###############################-] 2329/2371. 20.82s
       [###############################-] 2330/2371. 20.83s
       [###############################-] 2331/2371. 20.87s
       [###############################-] 2332/2371. 20.88s
       [###############################-] 2333/2371. 20.88s
       [###############################-] 2334/2371. 20.88s
       [###############################-] 2335/2371. 20.90s
       [###############################-] 2336/2371. 20.93s
       [###############################-] 2337/2371. 20.93s
       [###############################-] 2338/2371. 20.94s
       [###############################-] 2339/2371. 20.94s
       [###############################-] 2340/2371. 20.94s
       [###############################-] 2341/2371. 20.95s
       [###############################-] 2342/2371. 20.95s
       [###############################-] 2343/2371. 21.00s
       [###############################-] 2344/2371. 21.00s
       [###############################-] 2345/2371. 21.00s
       [###############################-] 2346/2371. 21.00s
       [###############################-] 2347/2371. 21.02s
       [###############################-] 2348/2371. 21.02s
       [###############################-] 2349/2371. 21.03s
       [###############################-] 2350/2371. 21.04s
       [###############################-] 2351/2371. 21.05s
       [###############################-] 2352/2371. 21.06s
       [###############################-] 2353/2371. 21.06s
       [###############################-] 2354/2371. 21.07s
       [###############################-] 2355/2371. 21.07s
       [###############################-] 2356/2371. 21.08s
       [###############################-] 2357/2371. 21.09s
       [###############################-] 2358/2371. 21.11s
       [###############################-] 2359/2371. 21.11s
       [###############################-] 2360/2371. 21.12s
       [###############################-] 2361/2371. 21.13s
       [###############################-] 2362/2371. 21.13s
       [###############################-] 2363/2371. 21.15s
       [###############################-] 2364/2371. 21.15s
       [###############################-] 2365/2371. 21.16s
       [###############################-] 2366/2371. 21.16s
       [###############################-] 2367/2371. 21.17s
       [###############################-] 2368/2371. 21.18s
       [###############################-] 2369/2371. 21.18s
       [###############################-] 2370/2371. 21.18s
       [################################] 2371/2371. 21.19s
       [################################] 2371/2371. Finished in 21.19s
[info] IDE Report saved into /home/anja/Desktop/verifikacija/2026_Analysis_regex/mull/reports/run_05082026_233758/mull_reports.txt
[info] Mutation Testing Elements reporter: generated report to /home/anja/Desktop/verifikacija/2026_Analysis_regex/mull/reports/run_05082026_233758/mull_reports.json
[info] Surviving mutants: 1713
[info] Total execution time: 21.50s
